Parent ZAI,Reaction ID,Daughter ZAI,Cross-section
10010,102,10020,1.30E-04
10020,16,10010,1.88E-03
10020,102,10030,3.89E-06
10030,16,10020,1.85E-04
20030,102,20040,4.32E-05
20030,103,10030,2.20E+00
30060,102,30070,2.19E-05
30060,103,20060,1.19E-03
30070,16,30060,7.57E-05
30070,102,30080,2.74E-05
40070,103,30070,9.78E+00
40090,16,40080,2.66E-02
40090,102,40100,5.67E-06
40090,103,30090,1.78E-06
60120,102,60130,2.75E-05
60120,103,50120,1.85E-05
60130,102,60140,7.24E-05
70140,16,70130,1.18E-05
70140,102,70150,4.94E-05
70140,103,60140,2.83E-02
70150,16,70140,1.68E-04
70150,102,70160,1.40E-05
70150,103,60150,2.29E-05
80160,16,80150,1.22E-06
80160,102,80170,6.89E-04
80160,103,70160,5.87E-05
80170,16,80160,1.51E-04
80170,102,80180,8.77E-05
80170,103,70170,8.30E-05
80180,16,80170,8.89E-04
80180,17,80160,1.16E-04
80180,102,80190,4.54E-05
80180,103,70180,7.54E-06
90190,16,90180,5.68E-05
90190,102,90200,5.74E-03
90190,103,80190,5.04E-04
100200,16,100190,8.47E-07
100200,102,100210,2.81E-03
100200,103,90200,3.08E-04
100210,16,100200,1.56E-03
100210,17,100190,0.00E+00
100210,102,100220,1.13E-02
100210,103,90210,1.52E-04
100220,16,100210,7.86E-04
100220,17,100200,3.92E-06
100220,102,100230,1.48E-03
100220,103,90220,9.68E-06
110220,16,110210,4.49E-05
110220,102,110230,4.12E-03
110220,103,100220,8.53E-01
110230,16,110220,1.19E-04
110230,102,110240,1.58E-02
110230,103,100230,6.14E-04
120240,16,120230,4.01E-05
120240,102,120250,4.11E-02
120240,103,110240,9.48E-04
120250,16,120240,1.73E-03
120250,102,120260,1.96E-02
120250,103,110250,5.71E-04
120260,16,120250,9.50E-04
120260,102,120270,6.04E-03
120260,103,110260,5.61E-05
131300,16,131290,3.09E-05
131300,102,131310,6.98E-03
131300,103,121300,1.64E+00
130270,16,130260,8.86E-05
130270,102,130280,1.42E-02
130270,103,120270,1.22E-03
140280,16,140270,3.11E-06
140280,102,140290,4.42E-02
140280,103,130280,2.77E-03
140290,16,140280,4.79E-04
140290,102,140300,8.72E-02
140290,103,130290,1.35E-03
140300,16,140290,6.77E-04
140300,102,140310,1.51E-01
140300,103,130300,5.61E-05
140310,16,140300,4.31E-03
140310,102,140320,7.33E-03
140310,103,130310,1.49E-05
140320,16,140310,1.05E-03
140320,102,140330,5.48E-04
140320,103,130320,3.26E-06
150310,16,150300,4.11E-05
150310,102,150320,3.61E-03
150310,103,140310,7.89E-03
160320,16,160310,1.39E-06
160320,102,160330,4.37E-02
160320,103,150320,1.44E-02
160330,16,160320,4.06E-04
160330,102,160340,1.43E-02
160330,103,150330,1.91E-02
160340,16,160330,4.16E-04
160340,102,160350,2.30E-03
160340,103,150340,4.91E-04
160350,16,160340,3.14E-03
160350,102,160360,8.21E-03
160350,103,150350,1.14E-04
160360,16,160350,9.06E-04
160360,102,160370,3.86E-04
160360,103,150360,3.84E-06
170350,16,170340,1.64E-05
170350,102,170360,5.17E-02
170350,103,160350,3.81E-02
170360,16,170350,5.92E-04
170360,102,170370,5.09E-02
170360,103,160360,1.30E-01
170370,16,170360,5.67E-04
170370,17,170350,1.66E-09
170370,102,170380,7.25E-03
170370,103,160370,1.28E-04
180360,16,180350,5.10E-06
180360,102,180370,5.98E-03
180360,103,170360,3.70E-02
180370,16,180360,3.66E-04
180370,17,180350,0.00E+00
180370,102,180380,6.31E-02
180370,103,170370,2.81E-01
180380,16,180370,5.89E-04
180380,102,180390,6.13E-04
180380,103,170380,5.03E-04
180390,16,180380,1.87E-03
180390,102,180400,1.09E-02
180390,103,170390,1.54E-04
180400,16,180390,9.41E-04
180400,17,180380,1.23E-05
180400,102,180410,3.26E-02
180400,103,170400,2.84E-05
180410,16,180400,3.60E-03
180410,17,180390,6.98E-05
180410,102,180420,1.05E-01
180410,103,170410,3.43E-05
190390,16,190380,2.92E-05
190390,102,190400,6.04E-02
190390,103,180390,2.57E-02
190400,16,190390,9.45E-04
190400,102,190410,1.01E-02
190400,103,180400,1.59E-02
190410,16,190400,5.38E-05
190410,102,190420,1.09E-01
190410,103,180410,6.57E-04
200400,16,200390,2.73E-06
200400,102,200410,1.50E-01
200400,103,190400,2.49E-02
200410,16,200400,3.49E-04
200410,102,200420,2.01E-02
200410,103,190410,3.88E-02
200420,16,200410,4.91E-04
200420,102,200430,1.33E-01
200420,103,190420,1.32E-03
200430,16,200420,1.38E-03
200430,17,200410,0.00E+00
200430,102,200440,8.81E-02
200430,103,190430,9.70E-04
200440,16,200430,1.01E-03
200440,17,200420,0.00E+00
200440,102,200450,7.89E-02
200440,103,190440,8.89E-05
200450,16,200440,1.86E-03
200450,17,200430,1.65E-06
200450,102,200460,3.89E-02
200450,103,190450,6.25E-05
200460,16,200450,1.35E-03
200460,17,200440,2.76E-06
200460,102,200470,1.04E-03
200460,103,190460,1.90E-05
200470,16,200460,3.02E-03
200470,17,200450,2.61E-05
200470,102,200480,1.76E-02
200470,103,190470,1.99E-05
200480,16,200470,1.56E-03
200480,17,200460,1.28E-05
200480,102,200490,4.87E-04
200480,103,190480,1.92E-06
210450,16,210440,5.83E-04
210450,102,210460,9.60E-02
210450,103,200450,7.23E-03
220460,16,220450,2.16E-04
220460,102,220470,7.36E-02
220460,103,210460,3.60E-03
220470,16,220460,1.06E-03
220470,102,220480,9.99E-02
220470,103,210470,4.82E-03
220480,16,220470,9.12E-04
220480,102,220490,9.67E-02
220480,103,210480,2.47E-04
220490,16,220480,1.34E-03
220490,102,220500,3.23E-02
220490,103,210490,3.30E-04
220500,16,220490,1.27E-03
220500,17,220480,1.37E-08
220500,102,220510,2.50E-02
220500,103,210500,2.27E-05
230490,16,230480,4.21E-04
230490,102,230500,2.40E-01
230490,103,220490,4.17E-02
230500,16,230490,8.20E-04
230500,102,230510,3.33E-02
230500,103,220500,2.65E-03
230510,16,230500,1.05E-03
230510,102,230520,8.79E-02
230510,103,220510,1.98E-04
240500,16,240490,7.35E-05
240500,102,240510,1.32E-01
240500,103,230500,1.39E-02
240510,16,240500,7.70E-04
240510,17,240490,0.00E+00
240510,102,240520,2.48E-01
240510,103,230510,7.63E-02
240520,16,240510,6.72E-04
240520,102,240530,6.70E-02
240520,103,230520,4.51E-04
240530,16,240520,1.95E-03
240530,102,240540,5.67E-02
240530,103,230530,1.86E-04
240540,16,240530,1.14E-03
240540,102,240550,5.35E-02
240540,103,230540,2.31E-05
250540,16,250530,1.78E-03
250540,17,250520,0.00E+00
250540,102,250550,3.68E-01
250540,103,240540,2.45E-02
250550,16,250540,1.16E-03
250550,17,250530,0.00E+00
250550,102,250560,9.10E-02
250550,103,240550,1.44E-04
260540,16,260530,8.26E-05
260540,102,260550,1.33E-01
260540,103,250540,1.91E-02
260550,16,260540,6.86E-04
260550,17,260530,0.00E+00
260550,102,260560,1.71E-01
260550,103,250550,1.54E-02
260560,16,260550,5.84E-04
260560,102,260570,7.54E-02
260560,103,250560,5.30E-04
260570,16,260560,2.37E-03
260570,102,260580,1.45E-01
260570,103,250570,2.71E-04
260580,16,260570,1.18E-03
260580,102,260590,8.60E-02
260580,103,250580,4.97E-05
270580,16,270570,1.23E-03
270580,102,270590,2.71E-01
270580,103,260580,4.97E-01
270590,16,270580,1.15E-03
270590,17,270570,6.31E-09
270590,102,270600,8.53E-02
270590,103,260590,4.42E-04
270581,16,270570,1.03E-03
270581,102,270590,3.68E-02
270581,103,260580,2.67E-02
280580,16,280570,7.71E-05
280580,102,280590,1.52E-01
280580,103,270580,2.42E-02
280590,16,280580,6.07E-04
280590,102,280600,1.17E-01
280590,103,270590,4.58E-02
280600,16,280590,6.69E-04
280600,102,280610,1.43E-01
280600,103,270600,8.67E-04
280610,16,280600,2.18E-03
280610,17,280590,0.00E+00
280610,102,280620,2.65E-01
280610,103,270610,8.17E-04
280620,16,280610,1.06E-03
280620,17,280600,4.93E-07
280620,102,280630,1.83E-01
280620,103,270620,6.99E-05
280630,16,280620,2.92E-03
280630,102,280640,9.14E-02
280630,103,270630,6.45E-05
280640,16,280630,1.42E-03
280640,17,280620,4.44E-05
280640,102,280650,1.43E-01
280640,103,270640,1.56E-05
290630,16,290620,8.59E-04
290630,102,290640,1.26E-01
290630,103,280630,5.13E-03
290640,16,290630,2.09E-03
290640,102,290650,7.58E-02
290640,103,280640,1.23E-01
290650,16,290640,1.41E-03
290650,17,290630,5.32E-06
290650,102,290660,6.54E-02
290650,103,280650,1.80E-04
300640,16,300630,3.54E-04
300640,102,300650,1.53E-01
300640,103,290640,9.00E-03
300650,16,300640,2.12E-03
300650,102,300660,9.69E-02
300650,103,290650,5.14E-02
300660,16,300650,7.11E-04
300660,17,300640,6.77E-08
300660,102,300670,1.06E-01
300660,103,290660,4.92E-04
300670,16,300660,3.28E-03
300670,17,300650,3.47E-06
300670,102,300680,2.00E-01
300670,103,290670,3.08E-04
300680,16,300670,1.27E-03
300680,17,300660,1.30E-05
300680,102,300690,9.49E-02
300680,103,290680,4.80E-05
300690,16,300680,3.98E-03
300690,102,300700,5.97E-02
300690,103,290690,6.52E-05
300700,16,300690,1.59E-03
300700,17,300680,9.81E-05
300700,102,300710,6.04E-02
300700,103,290700,1.43E-05
310690,16,310680,1.34E-03
310690,102,310700,1.24E-01
310690,103,300690,7.33E-04
310700,16,310690,2.27E-03
310700,102,310710,1.12E-01
310700,103,300700,1.84E-03
310710,16,310700,1.47E-03
310710,17,310690,1.14E-05
310710,102,310720,2.49E-01
310710,103,300710,4.94E-05
320700,16,320690,9.03E-04
320700,102,320710,1.30E-01
320700,103,310700,7.74E-04
320710,16,320700,2.39E-03
320710,102,320720,1.86E-01
320710,103,310710,1.57E-03
320720,16,320710,1.41E-03
320720,17,320700,2.05E-06
320720,102,320730,9.54E-02
320720,103,310720,1.14E-04
320730,16,320720,2.49E-03
320730,17,320710,5.54E-06
320730,102,320740,2.04E-01
320730,103,310730,5.43E-05
320740,16,320730,1.52E-03
320740,17,320720,9.83E-06
320740,102,320750,5.83E-02
320740,103,310740,1.69E-05
320750,16,320740,4.53E-03
320750,102,320760,6.36E-02
320750,103,310750,2.80E-05
320760,16,320750,1.91E-03
320760,17,320740,5.87E-05
320760,102,320770,5.80E-02
320760,103,310760,7.84E-06
330730,16,330720,1.22E-03
330730,17,330710,0.00E+00
330730,102,330740,4.15E-01
330730,103,320730,3.11E-03
330740,16,330730,3.63E-03
330740,17,330720,1.57E-08
330740,102,330750,6.74E-01
330740,103,320740,1.14E-01
330750,16,330740,1.49E-03
330750,17,330730,2.41E-07
330750,102,330760,3.44E-01
330750,103,320750,1.78E-04
340740,16,340730,5.66E-04
340740,102,340750,2.48E-01
340740,103,330740,6.31E-03
340750,16,340740,2.15E-03
340750,17,340730,0.00E+00
340750,102,340760,5.34E-01
340750,103,330750,4.83E-03
340760,16,340750,1.23E-03
340760,17,340740,1.65E-07
340760,102,340770,1.67E-01
340760,103,330760,3.54E-04
340770,16,340760,6.10E-03
340770,17,340750,1.18E-05
340770,102,340780,3.17E-01
340770,103,330770,2.75E-04
340780,16,340770,1.55E-03
340780,17,340760,4.17E-05
340780,102,340790,1.85E-01
340780,103,330780,3.52E-05
340790,16,340780,9.35E-03
340790,17,340770,4.31E-05
340790,102,340800,2.05E-01
340790,103,330790,2.68E-05
340800,16,340790,1.63E-03
340800,17,340780,1.37E-04
340800,102,340810,1.04E-01
340800,103,330800,2.15E-05
340810,16,340800,4.42E-03
340810,102,340820,5.75E-02
340810,103,330810,1.79E-05
340820,16,340810,2.32E-03
340820,17,340800,2.68E-04
340820,102,340830,1.06E-01
340820,103,330820,4.27E-06
350790,16,350780,1.49E-03
350790,17,350770,3.61E-06
350790,102,350800,4.27E-01
350790,103,340790,1.36E-03
350800,16,350790,2.78E-03
350800,102,350810,2.54E-01
350800,103,340800,3.44E-02
350810,16,350800,1.47E-03
350810,17,350790,2.76E-05
350810,102,350820,2.00E-01
350810,103,340810,1.01E-04
360780,16,360770,7.72E-04
360780,102,360790,2.05E-01
360780,103,350780,5.75E-03
360790,16,360780,1.69E-03
360790,102,360800,2.03E-01
360790,103,350790,9.57E-02
360800,16,360790,1.15E-03
360800,102,360810,2.27E-01
360800,103,350800,4.61E-04
360810,16,360800,2.53E-03
360810,17,360790,0.00E+00
360810,102,360820,3.22E-01
360810,103,350810,7.58E-04
360820,16,360810,1.40E-03
360820,17,360800,4.21E-06
360820,102,360830,6.80E-02
360820,103,350820,7.66E-05
360830,16,360820,4.82E-03
360830,17,360810,2.35E-07
360830,102,360840,1.53E-01
360830,103,350830,5.76E-05
360840,16,360830,1.47E-03
360840,17,360820,2.42E-05
360840,102,360850,2.18E-01
360840,103,350840,1.65E-05
360850,16,360840,2.52E-03
360850,17,360830,2.91E-06
360850,102,360860,1.05E-01
360850,103,350850,2.04E-05
360860,16,360850,1.55E-03
360860,17,360840,6.79E-05
360860,102,360870,4.39E-02
360860,103,350860,1.52E-05
370850,16,370840,1.57E-03
370850,17,370830,0.00E+00
370850,102,370860,2.15E-01
370850,103,360850,1.36E-04
370860,16,370850,2.13E-03
370860,17,370840,0.00E+00
370860,102,370870,2.41E-01
370860,103,360860,1.61E-04
370870,16,370860,1.82E-03
370870,17,370850,8.29E-06
370870,102,370880,3.91E-02
370870,103,360870,1.96E-05
380840,16,380830,1.17E-03
380840,102,380850,3.30E-01
380840,103,370840,1.18E-03
380850,16,380840,1.54E-03
380850,102,380860,1.71E-01
380850,103,370850,2.17E-03
380860,16,380850,1.51E-03
380860,102,380870,2.16E-01
380860,103,370860,2.69E-04
380870,16,380860,4.07E-03
380870,102,380880,1.04E-01
380870,103,370870,1.89E-04
380880,16,380870,1.52E-03
380880,17,380860,0.00E+00
380880,102,380890,2.39E-02
380880,103,370880,2.63E-05
380890,16,380880,7.15E-03
380890,17,380870,5.97E-05
380890,102,380900,8.61E-03
380890,103,370890,1.65E-05
380900,16,380890,6.61E-03
380900,17,380880,6.97E-04
380900,102,380910,7.92E-03
380900,103,370900,9.62E-06
390890,16,390880,1.52E-03
390890,102,390900,1.42E-01
390890,103,380890,9.86E-05
390900,16,390890,3.51E-03
390900,17,390880,4.25E-06
390900,102,390910,1.22E-01
390900,103,380900,6.78E-05
390910,16,390900,5.18E-03
390910,17,390890,3.23E-04
390910,102,390920,5.38E-02
390910,103,380910,2.04E-05
400900,16,400890,1.11E-03
400900,102,400910,1.06E-01
400900,103,390900,1.52E-04
400910,16,400900,3.53E-03
400910,102,400920,1.48E-01
400910,103,390910,1.06E-04
400920,16,400910,2.91E-03
400920,17,400900,6.80E-05
400920,102,400930,1.77E-01
400920,103,390920,3.79E-05
400930,16,400920,4.31E-03
400930,17,400910,1.71E-04
400930,102,400940,1.54E-01
400930,103,390930,1.74E-05
400940,16,400930,6.03E-03
400940,17,400920,2.05E-04
400940,102,400950,1.61E-01
400940,103,390940,1.11E-05
400950,16,400940,5.88E-03
400950,17,400930,3.45E-04
400950,102,400960,7.70E-02
400950,103,390950,6.86E-06
400960,16,400950,5.57E-03
400960,17,400940,2.41E-04
400960,102,400970,6.00E-02
400960,103,390960,2.29E-06
410930,16,410920,2.66E-03
410930,17,410910,7.57E-05
410930,102,410940,2.11E-01
410930,103,400930,1.46E-04
410940,16,410930,5.77E-03
410940,17,410920,1.79E-04
410940,102,410950,1.53E-01
410940,103,400940,1.34E-04
410950,16,410940,4.26E-03
410950,17,410930,3.36E-04
410950,102,410960,2.21E-01
410950,103,400950,4.50E-05
420920,16,420910,4.21E-04
420920,102,420930,2.55E-01
420920,103,410920,2.91E-03
420930,16,420920,2.49E-03
420930,17,420910,0.00E+00
420930,102,420940,1.63E-01
420930,103,410930,1.45E-03
420940,16,420930,1.47E-03
420940,17,420920,1.03E-05
420940,102,420950,2.72E-01
420940,103,410940,1.85E-04
420950,16,420940,4.01E-03
420950,17,420930,1.86E-05
420950,102,420960,2.70E-01
420950,103,410950,7.63E-05
420960,16,420950,2.65E-03
420960,17,420940,6.30E-05
420960,102,420970,1.87E-01
420960,103,410960,3.95E-05
420970,16,420960,6.38E-03
420970,17,420950,1.84E-04
420970,102,420980,2.27E-01
420970,103,410970,3.14E-05
420980,16,420970,3.98E-03
420980,17,420960,1.63E-04
420980,102,420990,2.39E-01
420980,103,410980,6.57E-06
420990,16,420980,1.09E-02
420990,17,420970,7.12E-04
420990,102,421000,2.21E-01
420990,103,410990,1.70E-05
421000,16,420990,3.96E-03
421000,17,420980,4.29E-04
421000,102,421010,1.95E-01
421000,103,411000,4.31E-06
430980,16,430970,5.75E-03
430980,17,430960,2.88E-04
430980,102,430990,4.80E-01
430980,103,420980,4.85E-04
430990,16,430980,2.55E-03
430990,17,430970,2.80E-04
430990,102,431000,4.82E-01
430990,103,420990,2.70E-05
440960,16,440950,1.16E-03
440960,102,440970,1.75E-01
440960,103,430960,1.15E-03
440970,16,440960,3.54E-03
440970,17,440950,9.86E-06
440970,102,440980,2.24E-01
440970,103,430970,4.30E-03
440980,16,440970,1.39E-03
440980,17,440960,3.54E-05
440980,102,440990,1.52E-01
440980,103,430980,2.71E-04
440990,16,440980,6.28E-03
440990,17,440970,8.51E-05
440990,102,441000,3.69E-01
440990,103,430990,1.85E-04
441000,16,440990,2.07E-03
441000,17,440980,2.05E-04
441000,102,441010,2.32E-01
441000,103,431000,2.82E-05
441010,16,441000,6.00E-03
441010,17,440990,4.12E-05
441010,102,441020,4.86E-01
441010,103,431010,5.72E-05
441020,16,441010,2.13E-03
441020,17,441000,1.34E-04
441020,102,441030,2.22E-01
441020,103,431020,1.22E-05
441030,16,441020,8.03E-03
441030,17,441010,1.91E-04
441030,102,441040,2.97E-01
441030,103,431030,2.24E-05
441040,16,441030,3.27E-03
441040,17,441020,4.17E-04
441040,102,441050,2.11E-01
441040,103,431040,1.26E-05
441050,16,441040,8.51E-03
441050,17,441030,4.53E-04
441050,102,441060,1.71E-01
441050,103,431050,2.15E-05
441060,16,441050,6.08E-03
441060,17,441040,6.86E-04
441060,102,441070,5.68E-02
441060,103,431060,4.71E-06
451030,16,451020,2.27E-03
451030,17,451010,3.68E-05
451030,102,451040,4.18E-01
451030,103,441030,7.82E-05
451040,16,451030,7.29E-03
451040,102,451050,5.12E-01
451040,103,441040,7.85E-05
451050,16,451040,3.88E-03
451050,17,451030,4.43E-04
451050,102,451060,4.10E-01
451050,103,441050,3.19E-05
461020,16,461010,1.41E-03
461020,17,461000,6.80E-10
461020,102,461030,2.98E-01
461020,103,451020,2.34E-03
461030,16,461020,2.98E-03
461030,102,461040,4.48E-01
461030,103,451030,3.09E-04
461040,16,461030,2.17E-03
461040,17,461020,6.84E-06
461040,102,461050,2.89E-01
461040,103,451040,9.70E-05
461050,16,461040,5.02E-03
461050,17,461030,2.20E-05
461050,102,461060,6.42E-01
461050,103,451050,9.83E-05
461060,16,461050,2.49E-03
461060,17,461040,6.06E-05
461060,102,461070,2.37E-01
461060,103,451060,6.88E-05
461070,16,461060,1.13E-02
461070,17,461050,3.10E-04
461070,102,461080,6.55E-01
461070,103,451070,3.30E-05
461080,16,461070,2.60E-03
461080,17,461060,2.01E-04
461080,102,461090,2.00E-01
461080,103,451080,3.31E-05
461090,16,461080,7.74E-03
461090,102,461100,5.02E-01
461090,103,451090,1.15E-05
461100,16,461090,3.03E-03
461100,17,461080,3.87E-04
461100,102,461110,1.56E-01
461100,103,451100,1.73E-05
471070,16,471060,2.38E-03
471070,17,471050,3.03E-05
471070,102,471080,4.49E-01
471070,103,461070,1.57E-04
471080,16,471070,5.73E-03
471080,102,471090,6.80E-01
471080,103,461080,8.03E-04
471090,16,471080,2.30E-03
471090,17,471070,6.14E-05
471090,102,471100,4.56E-01
471090,103,461090,3.99E-05
471110,16,471100,2.66E-03
471110,17,471090,1.28E-04
471110,102,471120,2.54E-01
471110,103,461110,2.60E-05
471120,16,471110,8.22E-03
471120,102,471130,7.33E-01
471120,103,461120,1.50E-05
471130,16,471120,3.37E-03
471130,102,471140,2.70E-01
471130,103,461130,6.85E-06
471140,16,471130,1.02E-02
471140,102,471150,4.67E-01
471140,103,461140,8.84E-06
471150,16,471140,4.45E-03
471150,102,471160,1.80E-01
471150,103,461150,3.41E-06
471160,16,471150,1.21E-02
471160,102,471170,3.53E-01
471160,103,461160,5.40E-06
471170,16,471160,4.84E-03
471170,102,471180,1.49E-01
471170,103,461170,1.87E-06
471101,16,471090,8.32E-03
471101,17,471080,4.55E-04
471101,102,471110,1.62E+00
471101,103,461100,4.09E-05
471181,16,471170,1.37E-02
471181,102,471190,3.07E-01
471181,103,461180,2.70E-06
481060,16,481050,1.19E-03
481060,17,481040,0.00E+00
481060,102,481070,3.87E-01
481060,103,471060,6.21E-04
481070,16,481060,2.23E-03
481070,102,481080,5.38E-01
481070,103,471070,1.04E-03
481080,16,481070,2.17E-03
481080,17,481060,1.32E-07
481080,102,481090,3.48E-01
481080,103,471080,9.99E-05
481090,16,481080,4.52E-03
481090,17,481070,8.06E-05
481090,102,481100,5.92E-01
481090,103,471090,1.97E-04
481100,16,481090,2.41E-03
481100,17,481080,2.40E-05
481100,102,481110,2.45E-01
481100,103,471100,4.74E-05
481110,16,481100,8.64E-03
481110,17,481090,2.40E-04
481110,102,481120,4.67E-01
481110,103,471110,1.13E-04
481120,16,481110,2.61E-03
481120,17,481100,5.99E-05
481120,102,481130,2.64E-01
481120,103,471120,4.24E-05
481130,16,481120,6.84E-03
481130,17,481110,1.74E-04
481130,102,481140,3.58E-01
481130,103,471130,1.95E-05
481140,16,481130,2.25E-03
481140,17,481120,1.56E-04
481140,102,481150,1.90E-01
481140,103,471140,9.34E-06
481150,16,481140,5.39E-03
481150,17,481130,2.27E-04
481150,102,481160,1.55E-01
481150,103,471150,1.11E-05
481160,16,481150,2.81E-03
481160,17,481140,3.28E-04
481160,102,481170,1.52E-01
481160,103,471160,5.32E-06
491130,16,491120,2.35E-03
491130,17,491110,1.91E-04
491130,102,491140,5.39E-01
491130,103,481130,5.51E-05
491140,16,491130,5.11E-03
491140,102,491150,5.24E-01
491140,103,481140,1.63E-04
491150,16,491140,2.57E-03
491150,17,491130,4.44E-04
491150,102,491160,4.40E-01
491150,103,481150,1.49E-05
501120,16,501110,1.65E-03
501120,17,501100,4.95E-06
501120,102,501130,2.04E-01
501120,103,491120,1.21E-04
501130,16,501120,3.01E-03
501130,17,501110,1.62E-06
501130,102,501140,3.50E-01
501130,103,491130,3.91E-04
501140,16,501130,1.78E-03
501140,17,501120,5.80E-05
501140,102,501150,1.53E-01
501140,103,491140,7.41E-05
501150,16,501140,6.46E-03
501150,17,501130,7.89E-05
501150,102,501160,2.54E-01
501150,103,491150,6.15E-05
501160,16,501150,1.96E-03
501160,17,501140,1.78E-04
501160,102,501170,1.73E-01
501160,103,491160,2.67E-05
501170,16,501160,1.01E-02
501170,17,501150,3.19E-04
501170,102,501180,1.95E-01
501170,103,491170,2.65E-05
501180,16,501170,2.39E-03
501180,17,501160,2.73E-04
501180,102,501190,8.25E-02
501180,103,491180,9.83E-06
501190,16,501180,9.78E-03
501190,17,501170,4.85E-04
501190,102,501200,1.48E-01
501190,103,491190,1.02E-05
501200,16,501190,3.03E-03
501200,102,501210,1.31E-01
501200,103,491200,1.17E-05
501220,16,501210,4.71E-03
501220,17,501200,4.09E-04
501220,102,501230,1.10E-01
501220,103,491220,2.18E-06
501230,16,501220,1.12E-02
501230,17,501210,4.06E-04
501230,102,501240,2.08E-01
501230,103,491230,4.02E-06
501240,16,501230,5.31E-03
501240,17,501220,5.47E-04
501240,102,501250,9.21E-02
501240,103,491240,5.40E-06
501250,16,501240,3.64E-03
501250,17,501230,3.55E-04
501250,102,501260,8.16E-02
501250,103,491250,2.90E-06
501260,16,501250,5.85E-03
501260,17,501240,1.08E-03
501260,102,501270,7.76E-03
501260,103,491260,1.41E-06
501211,16,501200,3.94E-03
501211,102,501220,2.25E-01
501211,103,491210,8.69E-06
511210,16,511200,2.45E-03
511210,17,511190,6.50E-05
511210,102,511220,3.15E-01
511210,103,501210,5.20E-05
511220,16,511210,5.90E-03
511220,102,511230,4.86E-01
511220,103,501220,6.85E-05
511230,16,511220,2.50E-03
511230,17,511210,2.60E-04
511230,102,511240,2.17E-01
511230,103,501230,3.19E-05
511240,16,511230,9.37E-03
511240,17,511220,5.15E-04
511240,102,511250,4.44E-01
511240,103,501240,6.90E-06
511250,16,511240,3.87E-03
511250,17,511230,6.13E-04
511250,102,511260,2.95E-01
511250,103,501250,3.87E-06
511260,16,511250,3.88E-03
511260,17,511240,2.40E-04
511260,102,511270,3.47E-01
511260,103,501260,2.39E-05
521200,16,521190,1.61E-03
521200,17,521180,7.98E-05
521200,102,521210,1.95E-01
521200,103,511200,1.10E-04
521210,16,521200,4.22E-03
521210,102,521220,6.03E-01
521210,103,511210,1.38E-04
521220,16,521210,1.73E-03
521220,17,521200,1.79E-04
521220,102,521230,2.75E-01
521220,103,511220,2.05E-05
521230,16,521220,7.39E-03
521230,17,521210,2.14E-04
521230,102,521240,4.71E-01
521230,103,511230,2.34E-05
521240,16,521230,2.20E-03
521240,17,521220,3.52E-04
521240,102,521250,1.81E-01
521240,103,511240,1.17E-05
521250,16,521240,1.00E-02
521250,17,521230,3.00E-04
521250,102,521260,2.73E-01
521250,103,511250,1.13E-05
521260,16,521250,2.72E-03
521260,17,521240,4.24E-04
521260,102,521270,1.30E-01
521260,103,511260,5.93E-06
521280,16,521270,4.07E-03
521280,17,521260,5.47E-04
521280,102,521290,1.22E-01
521280,103,511280,3.00E-06
521300,16,521290,4.40E-03
521300,17,521280,8.88E-05
521300,102,521310,1.04E-01
521300,103,511300,3.22E-05
521310,16,521300,5.89E-03
521310,102,521320,1.78E-02
521310,103,511310,5.03E-06
521320,16,521310,4.97E-03
521320,17,521300,5.55E-04
521320,102,521330,1.05E-01
521320,103,511320,8.77E-06
521211,16,521200,3.34E-03
521211,102,521220,9.51E-01
521211,103,511210,1.20E-04
521271,16,521260,9.51E-03
521271,17,521250,4.90E-04
521271,102,521280,5.12E-01
521271,103,511270,5.74E-06
521291,16,521280,8.79E-03
521291,17,521270,6.40E-04
521291,102,521300,4.52E-01
521291,103,511290,3.07E-06
521311,16,521300,5.13E-03
521311,102,521320,2.59E-02
521311,103,511310,5.45E-06
531270,16,531260,2.67E-03
531270,17,531250,1.65E-04
531270,102,531280,3.79E-01
531270,103,521270,4.73E-05
531280,16,531270,6.18E-03
531280,102,531290,3.69E-01
531280,103,521280,3.45E-05
531290,16,531280,4.07E-03
531290,17,531270,4.32E-04
531290,102,531300,2.83E-01
531290,103,521290,6.28E-06
531300,16,531290,5.04E-03
531300,17,531280,1.40E-04
531300,102,531310,2.68E-01
531300,103,521300,4.09E-05
531310,16,531300,5.00E-03
531310,17,531290,5.39E-04
531310,102,531320,1.47E-01
531310,103,521310,3.38E-06
531320,16,531310,6.18E-03
531320,102,531330,8.48E-02
531320,103,521320,1.10E-05
531330,16,531320,3.19E-03
531330,102,531340,2.45E-02
531330,103,521330,5.55E-06
531340,16,531330,6.79E-03
531340,102,531350,1.61E-02
531340,103,521340,6.72E-06
531350,16,531340,5.02E-03
531350,17,531330,4.48E-04
531350,102,531360,6.81E-03
531350,103,521350,3.85E-06
531321,16,531310,4.68E-03
531321,102,531330,9.44E-02
531321,103,521320,1.13E-05
541230,16,541220,3.22E-03
541230,17,541210,5.36E-08
541230,102,541240,9.98E-01
541230,103,531230,8.44E-03
541240,16,541230,1.72E-03
541240,17,541220,1.42E-06
541240,102,541250,4.61E-01
541240,103,531240,1.60E-04
541250,16,541240,3.63E-03
541250,102,541260,8.63E-01
541250,103,531250,5.52E-04
541260,16,541250,1.71E-03
541260,17,541240,9.03E-05
541260,102,541270,4.93E-01
541260,103,531260,5.13E-05
541270,16,541260,4.71E-03
541270,102,541280,5.32E-01
541270,103,531270,9.38E-05
541280,16,541270,1.77E-03
541280,17,541260,2.60E-04
541280,102,541290,2.49E-01
541280,103,531280,4.24E-05
541290,16,541280,6.53E-03
541290,17,541270,2.26E-04
541290,102,541300,3.04E-01
541290,103,531290,1.63E-05
541300,16,541290,3.19E-03
541300,17,541280,6.24E-04
541300,102,541310,1.75E-01
541300,103,531300,1.15E-05
541310,16,541300,6.40E-03
541310,17,541290,1.52E-04
541310,102,541320,2.27E-01
541310,103,531310,1.71E-05
541320,16,541310,2.57E-03
541320,17,541300,1.45E-04
541320,102,541330,8.30E-02
541320,103,531320,1.43E-05
541330,16,541320,1.11E-02
541330,17,541310,3.73E-04
541330,102,541340,7.23E-02
541330,103,531330,4.61E-06
541340,16,541330,3.35E-03
541340,17,541320,1.71E-04
541340,102,541350,8.42E-02
541340,103,531340,1.37E-05
541350,16,541340,8.39E-03
541350,17,541330,5.08E-04
541350,102,541360,3.98E-02
541350,103,531350,2.46E-06
541360,16,541350,5.26E-03
541360,17,541340,2.42E-04
541360,102,541370,2.91E-02
541360,103,531360,1.23E-05
551330,16,551320,2.45E-03
551330,17,551310,2.20E-04
551330,102,551340,3.06E-01
551330,103,541330,2.41E-05
551340,16,551330,9.37E-03
551340,17,551320,3.17E-04
551340,102,551350,5.90E-01
551340,103,541340,7.93E-06
551350,16,551340,4.50E-03
551350,17,551330,4.58E-04
551350,102,551360,1.21E-01
551350,103,541350,4.63E-06
551360,16,551350,1.02E-02
551360,17,551340,4.48E-04
551360,102,551370,1.05E-01
551360,103,541360,3.89E-06
551370,16,551360,5.49E-03
551370,17,551350,6.51E-04
551370,102,551380,1.24E-02
551370,103,541370,2.67E-06
561300,16,561290,1.94E-03
561300,17,561280,7.64E-05
561300,102,561310,6.69E-01
561300,103,551300,1.15E-04
561310,16,561300,3.95E-03
561310,102,561320,4.66E-01
561310,103,551310,2.90E-04
561320,16,561310,2.01E-03
561320,17,561300,1.77E-04
561320,102,561330,3.48E-01
561320,103,551320,3.42E-05
561330,16,561320,3.70E-03
561330,17,561310,1.63E-05
561330,102,561340,3.22E-01
561330,103,551330,7.85E-05
561340,16,561330,2.02E-03
561340,17,561320,3.02E-04
561340,102,561350,2.57E-01
561340,103,551340,1.23E-05
561350,16,561340,7.46E-03
561350,17,561330,2.67E-04
561350,102,561360,3.43E-01
561350,103,551350,1.26E-05
561360,16,561350,2.93E-03
561360,17,561340,3.72E-04
561360,102,561370,2.15E-01
561360,103,551360,7.34E-06
561370,16,561360,1.03E-02
561370,17,561350,2.85E-04
561370,102,561380,1.03E-01
561370,103,551370,6.11E-06
561380,16,561370,3.25E-03
561380,17,561360,2.46E-04
561380,102,561390,4.19E-02
561380,103,551380,6.10E-06
561390,16,561380,1.04E-02
561390,102,561400,2.90E-02
561390,103,551390,4.42E-06
561400,16,561390,1.20E-02
561400,17,561380,1.82E-03
561400,102,561410,4.72E-02
561400,103,551400,3.83E-06
571380,16,571370,6.92E-03
571380,17,571360,2.25E-04
571380,102,571390,1.80E-01
571380,103,561380,1.42E-05
571390,16,571380,3.02E-03
571390,17,571370,1.46E-04
571390,102,571400,6.17E-02
571390,103,561390,1.02E-05
571400,16,571390,8.90E-03
571400,17,571380,3.36E-04
571400,102,571410,7.88E-02
571400,103,561400,1.74E-05
581360,16,581350,2.30E-03
581360,17,581340,4.97E-06
581360,102,581370,2.81E-01
581360,103,571360,9.46E-05
581370,16,581360,3.53E-03
581370,102,581380,4.61E-01
581370,103,571370,1.23E-04
581380,16,581370,2.40E-03
581380,17,581360,4.50E-06
581380,102,581390,1.84E-01
581380,103,571380,5.22E-05
581390,16,581380,3.66E-03
581390,17,581370,1.40E-05
581390,102,581400,2.75E-01
581390,103,571390,3.93E-05
581400,16,581390,2.79E-03
581400,17,581380,3.18E-04
581400,102,581410,4.10E-02
581400,103,571400,1.21E-05
581410,16,581400,1.18E-02
581410,17,581390,2.92E-04
581410,102,581420,1.81E-01
581410,103,571410,1.67E-05
581420,16,581410,9.47E-03
581420,17,581400,6.96E-04
581420,102,581430,6.64E-02
581420,103,571420,9.67E-06
581430,16,581420,1.04E-02
581430,17,581410,7.35E-04
581430,102,581440,8.86E-02
581430,103,571430,6.64E-06
581440,16,581430,1.10E-02
581440,17,581420,1.78E-03
581440,102,581450,1.52E-02
581440,103,571440,5.12E-06
581371,16,581360,2.95E-03
581371,102,581380,7.10E-01
581371,103,571370,1.13E-04
591410,16,591400,2.40E-03
591410,17,591390,2.53E-05
591410,102,591420,1.30E-01
591410,103,581410,2.28E-05
591420,16,591410,7.15E-03
591420,17,591400,1.50E-04
591420,102,591430,2.10E-01
591420,103,581420,3.60E-05
591430,16,591420,8.82E-03
591430,17,591410,7.48E-04
591430,102,591440,6.88E-02
591430,103,581430,7.74E-06
601420,16,601410,2.36E-03
601420,17,601400,2.26E-05
601420,102,601430,8.93E-02
601420,103,591420,2.77E-05
601430,16,601420,5.47E-03
601430,17,601410,1.30E-04
601430,102,601440,2.02E-01
601430,103,591430,2.22E-05
601440,16,601430,4.03E-03
601440,17,601420,2.70E-04
601440,102,601450,1.12E-01
601440,103,591440,2.22E-05
601450,16,601440,8.48E-03
601450,17,601430,4.60E-04
601450,102,601460,2.73E-01
601450,103,591450,1.38E-05
601460,16,601450,5.52E-03
601460,17,601440,6.09E-04
601460,102,601470,1.07E-01
601460,103,591460,1.26E-05
601470,16,601460,1.20E-02
601470,17,601450,8.09E-04
601470,102,601480,4.80E-01
601470,103,591470,9.89E-06
601480,16,601470,7.76E-03
601480,17,601460,7.31E-04
601480,102,601490,1.30E-01
601480,103,591480,7.35E-06
601490,16,601480,1.49E-02
601490,102,601500,3.64E-01
601490,103,591490,3.88E-06
601500,16,601490,5.12E-03
601500,17,601480,1.03E-03
601500,102,601510,1.90E-01
601500,103,591500,3.92E-06
611430,16,611420,2.31E-03
611430,17,611410,4.46E-06
611430,102,611440,3.49E-01
611430,103,601430,8.06E-05
611440,16,611430,7.68E-03
611440,17,611420,1.38E-04
611440,102,611450,8.57E-01
611440,103,601440,1.71E-04
611450,16,611440,7.45E-03
611450,17,611430,6.56E-04
611450,102,611460,5.23E-01
611450,103,601450,3.90E-05
611460,16,611450,8.77E-03
611460,102,611470,9.56E-01
611460,103,601460,1.90E-05
611470,16,611460,7.36E-03
611470,17,611450,7.59E-04
611470,102,611480,6.56E-01
611470,103,601470,1.13E-05
611480,16,611470,1.17E-02
611480,17,611460,8.44E-04
611480,102,611490,1.00E+00
611480,103,601480,8.13E-06
611490,16,611480,7.94E-03
611490,17,611470,1.04E-03
611490,102,611500,5.99E-01
611490,103,601490,5.89E-06
611500,16,611490,1.42E-02
611500,102,611510,9.55E-01
611500,103,601500,9.59E-06
611510,16,611500,4.02E-03
611510,17,611490,9.06E-04
611510,102,611520,5.50E-01
611510,103,601510,8.39E-06
611481,16,611470,5.42E-03
611481,17,611460,5.17E-04
611481,102,611490,3.49E+00
611481,103,601480,1.03E-05
621440,16,621430,2.44E-03
621440,17,621420,0.00E+00
621440,102,621450,1.35E-01
621440,103,611440,6.70E-05
621450,16,621440,5.18E-03
621450,17,621430,2.45E-05
621450,102,621460,6.20E-01
621450,103,611450,9.07E-05
621460,16,621450,3.66E-03
621460,102,621470,2.27E-01
621460,103,611460,1.60E-05
621470,16,621460,4.46E-03
621470,17,621450,2.13E-04
621470,102,621480,5.92E-01
621470,103,611470,2.35E-05
621480,16,621470,4.09E-03
621480,17,621460,1.53E-04
621480,102,621490,1.91E-01
621480,103,611480,1.18E-05
621490,16,621480,7.06E-03
621490,17,621470,4.27E-04
621490,102,621500,1.08E+00
621490,103,611490,1.41E-05
621500,16,621490,4.31E-03
621500,17,621480,5.15E-04
621500,102,621510,3.20E-01
621500,103,611500,1.77E-05
621510,16,621500,1.10E-02
621510,17,621490,6.63E-04
621510,102,621520,1.47E+00
621510,103,611510,1.34E-05
621520,16,621510,3.93E-03
621520,17,621500,5.48E-04
621520,102,621530,3.48E-01
621520,103,611520,1.12E-05
621530,16,621520,1.10E-02
621530,17,621510,6.18E-04
621530,102,621540,5.34E-01
621530,103,611530,2.05E-05
621540,16,621530,6.03E-03
621540,17,621520,7.07E-04
621540,102,621550,2.33E-01
621540,103,611540,7.62E-06
631510,16,631500,4.46E-03
631510,17,631490,7.37E-04
631510,102,631520,2.00E+00
631510,103,621510,3.19E-05
631520,16,631510,7.53E-03
631520,17,631500,5.87E-04
631520,102,631530,2.47E+00
631520,103,621520,1.33E-05
631530,16,631520,3.78E-03
631530,17,631510,6.67E-04
631530,102,631540,1.43E+00
631530,103,621530,1.41E-05
631540,16,631530,9.60E-03
631540,17,631520,5.70E-04
631540,102,631550,1.80E+00
631540,103,621540,7.00E-05
631550,16,631540,4.98E-03
631550,17,631530,7.88E-04
631550,102,631560,6.08E-01
631550,103,621550,8.25E-05
631560,16,631550,1.07E-02
631560,17,631540,7.07E-04
631560,102,631570,3.38E-01
631560,103,621560,4.33E-06
631570,16,631560,9.48E-03
631570,17,631550,1.18E-03
631570,102,631580,6.45E-01
631570,103,621570,8.01E-06
641520,16,641510,2.99E-03
641520,17,641500,3.61E-04
641520,102,641530,7.16E-01
641520,103,631520,1.13E-05
641530,16,641520,5.75E-03
641530,17,641510,3.23E-04
641530,102,641540,1.39E+00
641530,103,631530,1.49E-05
641540,16,641530,3.16E-03
641540,17,641520,5.20E-04
641540,102,641550,6.17E-01
641540,103,631540,1.04E-05
641550,16,641540,6.39E-03
641550,17,641530,7.73E-04
641550,102,641560,1.33E+00
641550,103,631550,9.94E-06
641560,16,641550,3.77E-03
641560,17,641540,6.88E-04
641560,102,641570,4.04E-01
641560,103,631560,8.23E-06
641570,16,641560,7.48E-03
641570,17,641550,7.47E-04
641570,102,641580,7.39E-01
641570,103,631570,1.05E-05
641580,16,641570,4.64E-03
641580,17,641560,5.10E-04
641580,102,641590,3.26E-01
641580,103,631580,8.12E-06
641590,16,641580,1.11E-02
641590,102,641600,4.99E-01
641590,103,631590,5.08E-06
641600,16,641590,6.85E-03
641600,17,641580,1.07E-03
641600,102,641610,2.04E-01
641600,103,631600,4.81E-06
651580,16,651570,8.60E-03
651580,102,651590,1.93E+00
651580,103,641580,1.41E-05
651590,16,651580,6.61E-03
651590,17,651570,9.20E-04
651590,102,651600,1.03E+00
651590,103,641590,7.69E-06
651600,16,651590,7.03E-03
651600,17,651580,5.93E-04
651600,102,651610,1.09E+00
651600,103,641600,1.83E-05
651610,16,651600,6.34E-03
651610,102,651620,8.81E-01
651610,103,641610,5.36E-06
661540,16,661530,2.65E-03
661540,17,661520,8.17E-05
661540,102,661550,1.15E+00
661540,103,651540,5.33E-05
661550,16,661540,6.44E-03
661550,102,661560,2.19E+00
661550,103,651550,1.01E-04
661560,16,661550,3.02E-03
661560,17,661540,8.86E-05
661560,102,661570,1.00E+00
661560,103,651560,3.84E-05
661570,16,661560,7.83E-03
661570,102,661580,1.95E+00
661570,103,651570,2.73E-05
661580,16,661570,3.31E-03
661580,17,661560,7.89E-05
661580,102,661590,6.86E-01
661580,103,651580,3.30E-05
661590,16,661580,8.76E-03
661590,17,661570,3.35E-04
661590,102,661600,2.04E+00
661590,103,651590,4.09E-05
661600,16,661590,3.64E-03
661600,17,661580,3.21E-04
661600,102,661610,5.50E-01
661600,103,651600,1.85E-05
661610,16,661600,7.30E-03
661610,17,661590,6.27E-04
661610,102,661620,9.83E-01
661610,103,651610,1.62E-05
661620,16,661610,4.81E-03
661620,17,661600,5.61E-04
661620,102,661630,3.84E-01
661620,103,651620,9.26E-06
661630,16,661620,9.02E-03
661630,17,661610,8.41E-04
661630,102,661640,5.66E-01
661630,103,651630,6.50E-06
661640,16,661630,6.03E-03
661640,17,661620,7.89E-04
661640,102,661650,2.55E-01
661640,103,651640,6.05E-06
671650,16,671640,5.67E-03
671650,17,671630,7.56E-04
671650,102,671660,6.85E-01
671661,16,671650,9.95E-03
671661,17,671640,7.84E-04
671661,102,671670,6.82E-01
671661,103,661660,1.43E-05
681620,16,681610,3.05E-03
681620,17,681600,5.11E-05
681620,102,681630,5.26E-01
681620,103,671620,2.50E-05
681630,16,681620,7.35E-03
681630,102,681640,1.87E+00
681630,103,671630,2.30E-05
681640,16,681630,3.57E-03
681640,17,681620,2.05E-04
681640,102,681650,1.16E+00
681640,103,671640,2.04E-05
681650,16,681640,8.92E-03
681650,102,681660,1.33E+00
681650,103,671650,1.48E-05
681660,16,681650,5.50E-03
681660,17,681640,5.91E-04
681660,102,681670,4.58E-01
681660,103,671660,1.49E-05
681670,16,681660,1.09E-02
681670,17,681650,5.92E-04
681670,102,681680,7.87E-01
681670,103,671670,1.57E-05
681680,16,681670,7.71E-03
681680,17,681660,9.92E-04
681680,102,681690,2.82E-01
681680,103,671680,1.15E-05
681690,16,681680,1.32E-02
681690,102,681700,3.40E-01
681690,103,671690,4.99E-06
681700,16,681690,1.05E-02
681700,17,681680,1.51E-03
681700,102,681710,1.86E-01
681700,103,671700,7.32E-06
691680,16,691670,9.24E-03
691680,17,691660,4.30E-04
691680,102,691690,1.14E+00
691680,103,681680,1.51E-05
691690,16,691680,6.75E-03
691690,17,691670,6.06E-04
691690,102,691700,6.10E-01
691690,103,681690,1.07E-05
691700,16,691690,1.02E-02
691700,17,691680,8.00E-04
691700,102,691710,1.01E+00
691700,103,681700,9.84E-06
691710,16,691700,7.47E-03
691710,102,691720,5.70E-01
691710,103,681710,5.75E-06
701680,16,701670,3.59E-03
701680,17,701660,2.24E-04
701680,102,701690,8.27E-01
701680,103,691680,3.66E-05
701690,16,701680,7.61E-03
701690,102,701700,1.28E+00
701690,103,691690,1.75E-05
701700,16,701690,6.87E-03
701700,17,701680,4.31E-04
701700,102,701710,5.12E-01
701700,103,691700,2.70E-05
701710,16,701700,9.15E-03
701710,17,701690,7.97E-04
701710,102,701720,6.50E-01
701710,103,691710,3.02E-05
701720,16,701710,7.31E-03
701720,17,701700,8.93E-04
701720,102,701730,2.90E-01
701720,103,691720,2.19E-05
701730,16,701720,9.65E-03
701730,17,701710,9.99E-04
701730,102,701740,4.21E-01
701730,103,691730,1.92E-05
701740,16,701730,8.50E-03
701740,17,701720,1.28E-03
701740,102,701750,1.63E-01
701740,103,691740,1.45E-05
701750,16,701740,1.32E-02
701750,102,701760,4.67E-01
701750,103,691750,4.20E-06
701760,16,701750,1.09E-02
701760,17,701740,1.87E-03
701760,102,701770,1.37E-01
701760,103,691760,8.54E-06
711750,16,711740,5.46E-03
711750,17,711730,1.15E-03
711750,102,711760,7.41E-01
711750,103,701750,1.71E-04
711760,16,711750,7.08E-03
711760,17,711740,9.41E-04
711760,102,711770,9.18E-01
711760,103,701760,1.69E-04
721740,16,721730,5.06E-03
721740,17,721720,6.84E-04
721740,102,721750,5.74E-01
721740,103,711740,3.90E-05
721750,16,721740,8.48E-03
721750,102,721760,1.26E+00
721750,103,711750,1.49E-05
721760,16,721750,7.04E-03
721760,17,721740,1.03E-03
721760,102,721770,3.21E-01
721760,103,711760,2.63E-05
721770,16,721760,1.04E-02
721770,17,721750,1.15E-03
721770,102,721780,8.31E-01
721770,103,711770,2.83E-05
721780,16,721770,1.06E-02
721780,17,721760,1.59E-03
721780,102,721790,2.10E-01
721780,103,711780,1.77E-05
721790,16,721780,1.30E-02
721790,17,721770,1.67E-03
721790,102,721800,5.24E-01
721790,103,711790,1.99E-05
721800,16,721790,1.00E-02
721800,17,721780,1.89E-03
721800,102,721810,1.70E-01
721800,103,711800,1.17E-05
721810,16,721800,1.55E-02
721810,17,721790,1.23E-03
721810,102,721820,1.31E-01
721810,103,711810,7.57E-06
721820,16,721810,1.29E-02
721820,17,721800,1.25E-03
721820,102,721830,7.71E-02
721820,103,711820,3.03E-06
731800,16,731790,1.11E-02
731800,17,731780,9.52E-04
731800,102,731810,1.06E+00
731800,103,721800,3.79E-05
731810,16,731800,9.39E-03
731810,17,731790,9.42E-04
731810,102,731820,4.94E-01
731810,103,721810,1.26E-05
731820,16,731810,9.29E-03
731820,17,731800,1.23E-03
731820,102,731830,5.68E-01
741800,16,741790,4.77E-03
741800,17,741780,1.17E-04
741800,102,741810,3.45E-01
741800,103,731800,1.25E-05
741810,16,741800,7.39E-03
741810,102,741820,1.71E+00
741810,103,731810,1.08E-05
741820,16,741810,6.12E-03
741820,17,741800,4.24E-04
741820,102,741830,2.49E-01
741820,103,731820,8.18E-06
741830,16,741820,1.23E-02
741830,17,741810,5.79E-04
741830,102,741840,3.64E-01
741830,103,731830,7.62E-06
741840,16,741830,7.58E-03
741840,17,741820,6.03E-04
741840,102,741850,2.40E-01
741840,103,731840,5.69E-06
741850,16,741840,1.35E-02
741850,102,741860,5.56E-01
741850,103,731850,3.97E-06
741860,16,741850,7.49E-03
741860,17,741840,9.00E-04
741860,102,741870,1.95E-01
741860,103,731860,3.16E-06
751850,16,751840,7.66E-03
751850,17,751830,7.08E-04
751850,102,751860,6.96E-01
751850,103,741850,1.60E-05
751870,16,751860,8.43E-03
751870,17,751850,1.11E-03
751870,102,751880,6.02E-01
751870,103,741870,1.09E-05
751861,16,751850,8.64E-03
751861,102,751870,1.67E+00
751861,103,741860,7.51E-06
761840,16,761830,4.94E-03
761840,17,761820,1.87E-04
761840,102,761850,4.60E-01
761840,103,751840,2.79E-05
761850,16,761840,8.15E-03
761850,102,761860,1.45E+00
761850,103,751850,1.47E-05
761860,16,761850,6.88E-03
761860,17,761840,5.36E-04
761860,102,761870,3.78E-01
761860,103,751860,1.46E-05
761870,16,761860,1.15E-02
761870,17,761850,8.58E-04
761870,102,761880,7.01E-01
761870,103,751870,1.72E-05
761880,16,761870,9.60E-03
761880,17,761860,7.56E-04
761880,102,761890,3.48E-01
761880,103,751880,9.71E-06
761890,16,761880,1.19E-02
761890,17,761870,9.86E-04
761890,102,761900,5.95E-01
761890,103,751890,1.60E-05
761900,16,761890,9.72E-03
761900,17,761880,9.94E-04
761900,102,761910,2.17E-01
761900,103,751900,6.15E-06
761910,16,761900,9.72E-03
761910,17,761890,1.45E-03
761910,102,761920,7.22E-01
761910,103,751910,9.19E-06
761920,16,761910,1.02E-02
761920,17,761900,1.22E-03
761920,102,761930,1.35E-01
761920,103,751920,4.06E-06
771910,16,771900,4.93E-03
771910,17,771890,9.76E-04
771910,102,771920,7.58E-01
771910,103,761910,1.13E-05
771920,16,771910,7.41E-03
771920,17,771900,1.22E-03
771920,102,771930,1.21E+00
771920,103,761920,2.90E-05
771930,16,771920,6.95E-03
771930,17,771910,8.97E-04
771930,102,771940,6.75E-01
771930,103,761930,6.76E-06
771941,16,771930,1.16E-02
771941,102,771950,8.57E-01
771941,103,761940,5.45E-06
781900,16,781890,3.19E-03
781900,17,781880,1.60E-04
781900,102,781910,7.19E-01
781900,103,771900,1.70E-05
781910,16,781900,8.72E-03
781910,17,781890,5.21E-04
781910,102,781920,9.93E-01
781910,103,771910,2.85E-05
781920,16,781910,4.10E-03
781920,17,781900,3.26E-04
781920,102,781930,4.64E-01
781920,103,771920,1.14E-05
781930,16,781920,8.29E-03
781930,17,781910,9.64E-04
781930,102,781940,4.86E-01
781930,103,771930,1.95E-05
781940,16,781930,4.96E-03
781940,17,781920,6.57E-04
781940,102,781950,3.54E-01
781940,103,771940,1.01E-05
781950,16,781940,6.23E-03
781950,17,781930,9.03E-04
781950,102,781960,4.96E-01
781950,103,771950,1.42E-05
781960,16,781950,5.31E-03
781960,17,781940,7.86E-04
781960,102,781970,4.00E-01
781960,103,771960,4.63E-06
781970,16,781960,1.00E-02
781970,17,781950,1.45E-03
781970,102,781980,1.90E-01
781970,103,771970,8.04E-06
781980,16,781970,7.67E-03
781980,17,781960,1.10E-03
781980,102,781990,4.19E-01
781980,103,771980,4.26E-06
791970,16,791960,5.95E-03
791970,17,791950,5.67E-04
791970,102,791980,4.15E-01
791970,103,781970,6.47E-06
801960,16,801950,5.51E-03
801960,17,801940,1.63E-04
801960,102,801970,2.36E-02
801960,103,791960,1.63E-05
801970,16,801960,5.63E-03
801970,102,801980,7.34E-01
801970,103,791970,9.69E-06
801980,16,801970,7.12E-03
801980,17,801960,2.41E-04
801980,102,801990,1.13E-01
801980,103,791980,9.89E-06
801990,16,801980,9.55E-03
801990,17,801970,4.85E-04
801990,102,802000,3.13E-01
801990,103,791990,8.90E-06
802000,16,801990,7.99E-03
802000,17,801980,4.26E-04
802000,102,802010,1.77E-01
802000,103,792000,5.68E-06
802010,16,802000,1.15E-02
802010,17,801990,5.67E-04
802010,102,802020,1.95E-01
802010,103,792010,4.57E-06
802020,16,802010,9.23E-03
802020,17,802000,4.83E-04
802020,102,802030,1.19E-01
802020,103,792020,2.94E-06
802030,16,802020,8.29E-03
802030,17,802010,1.13E-03
802030,102,802040,3.88E-01
802030,103,792030,7.53E-06
802040,16,802030,8.76E-03
802040,17,802020,4.41E-04
802040,102,802050,2.54E-02
802040,103,792040,1.11E-06
801971,16,801960,4.49E-03
801971,102,801980,1.14E+00
801971,103,791970,1.06E-05
812030,16,812020,5.29E-03
812030,17,812010,1.85E-04
812030,102,812040,3.95E-01
812040,16,812030,5.63E-03
812040,17,812020,9.41E-04
812040,102,812050,5.98E-01
812040,103,802040,1.99E-05
812050,16,812040,5.98E-03
812050,17,812030,1.89E-04
812050,102,812060,1.94E-01
822040,16,822030,5.29E-03
822040,17,822020,2.11E-04
822040,102,822050,3.52E-01
822040,103,812040,1.65E-05
822050,16,822040,5.71E-03
822050,17,822030,6.33E-04
822050,102,822060,2.24E-01
822050,103,812050,1.73E-05
822060,16,822050,5.96E-03
822060,17,822040,4.17E-04
822060,102,822070,1.97E-01
822060,103,812060,1.71E-05
822070,16,822060,7.06E-03
822070,17,822050,6.87E-04
822070,102,822080,1.10E-01
822070,103,812070,1.12E-05
822080,16,822070,6.39E-03
822080,17,822060,5.81E-04
822080,102,822090,2.18E-02
822080,103,812080,2.25E-06
832090,16,832080,7.01E-03
832090,17,832070,6.01E-04
832090,102,832100,3.02E-02
832090,103,822090,2.91E-06
832101,16,832090,1.07E-02
832101,102,832110,1.96E-02
832101,103,822100,5.33E-06
842080,16,842070,6.13E-03
842080,17,842060,3.72E-04
842080,102,842090,9.95E-01
842080,103,832080,5.10E-05
842090,16,842080,5.30E-03
842090,102,842100,3.36E-02
842090,103,832090,1.27E-05
842100,16,842090,6.48E-03
842100,17,842080,5.94E-04
842100,102,842110,5.42E-02
842100,103,832100,1.11E-05
882230,16,882220,3.51E-02
882230,17,882210,2.73E-03
882230,18,0,5.57E-02
882230,102,882240,3.04E-01
882240,16,882230,1.52E-02
882240,17,882220,2.87E-03
882240,102,882250,1.15E-01
882250,16,882240,4.16E-02
882250,17,882230,2.78E-03
882250,102,882260,3.52E-01
882260,16,882250,1.39E-02
882260,17,882240,3.06E-03
882260,18,0,1.09E-04
882260,102,882270,2.76E-01
892250,16,892240,9.49E-03
892250,17,892230,1.65E-03
892250,18,0,7.83E-03
892250,102,892260,9.10E-01
892260,16,892250,1.88E-02
892260,17,892240,1.86E-03
892260,18,0,2.63E-02
892260,102,892270,1.14E+00
892270,16,892260,1.12E-02
892270,17,892250,1.79E-03
892270,18,0,2.85E-03
892270,102,892280,6.62E-01
902270,16,902260,1.23E-02
902270,17,902250,9.70E-04
902270,18,0,3.89E-01
902270,102,902280,6.25E-01
902280,16,902270,7.90E-03
902280,17,902260,1.12E-03
902280,18,0,1.10E-01
902280,102,902290,4.05E-01
902290,16,902280,1.39E-02
902290,17,902270,1.07E-03
902290,18,0,6.03E-01
902290,102,902300,8.29E-01
902300,16,902290,1.10E-02
902300,17,902280,1.45E-03
902300,18,0,5.68E-02
902300,102,902310,4.04E-01
902310,16,902300,1.89E-02
902310,17,902290,1.57E-03
902310,18,0,3.82E-01
902310,102,902320,7.81E-01
902320,16,902310,1.08E-02
902320,17,902300,1.64E-03
902320,18,0,1.89E-02
902320,102,902330,2.98E-01
902320,103,892320,2.62E-06
902330,16,902320,2.62E-02
902330,17,902310,1.92E-03
902330,18,0,1.85E-01
902330,102,902340,3.15E-01
902340,16,902330,1.27E-02
902340,17,902320,2.26E-03
902340,18,0,7.55E-03
902340,102,902350,1.01E-01
912290,16,912280,2.08E-03
912290,17,912270,1.44E-04
912290,18,0,1.52E+00
912290,102,912300,8.58E-01
912300,16,912290,3.23E-03
912300,17,912280,1.36E-04
912300,18,0,2.30E+00
912300,102,912310,4.14E-01
912310,16,912300,3.36E-03
912310,17,912290,4.52E-04
912310,18,0,2.87E-01
912310,102,912320,9.97E-01
912310,103,902310,1.07E-05
912320,16,912310,8.56E-03
912320,17,912300,3.70E-04
912320,18,0,1.79E+00
912320,102,912330,2.36E-01
912330,16,912320,7.54E-03
912330,17,912310,1.65E-03
912330,18,0,6.34E-02
912330,102,912340,1.09E+00
912330,103,902330,7.40E-06
922300,16,922290,3.26E-04
922300,17,922280,2.54E-05
922300,18,0,2.40E+00
922300,102,922310,2.44E-01
922310,16,922300,1.04E-03
922310,17,922290,9.90E-06
922310,18,0,2.64E+00
922310,102,922320,2.98E-01
922320,16,922310,1.03E-03
922320,17,922300,7.56E-05
922320,18,0,1.68E+00
922320,102,922330,3.67E-01
922330,16,922320,9.73E-04
922330,17,922310,7.86E-05
922330,18,0,2.36E+00
922330,102,922340,1.97E-01
922340,16,922330,2.26E-03
922340,17,922320,3.56E-05
922340,102,922350,3.49E-01
922350,16,922340,6.03E-03
922350,17,922330,2.14E-04
922350,18,0,1.60E+00
922350,102,922360,3.82E-01
922350,103,912350,4.29E-06
922360,16,922350,5.10E-03
922360,17,922340,6.14E-04
922360,102,922370,3.34E-01
922370,16,922360,1.49E-02
922370,17,922350,6.23E-04
922370,18,0,6.06E-01
922370,102,922380,2.94E-01
922380,16,922370,7.12E-03
922380,17,922360,7.53E-04
922380,18,0,7.52E-02
922380,102,922390,2.53E-01
922380,103,912380,1.31E-06
922390,16,922380,2.72E-02
922390,17,922370,1.06E-03
922390,18,0,6.08E-01
922390,102,922400,6.09E-01
922400,16,922390,1.05E-02
922400,17,922380,1.66E-03
922400,102,922410,1.91E-01
922410,16,922400,3.06E-02
922410,17,922390,1.60E-03
922410,18,0,1.65E-01
922410,102,922420,4.47E-01
932340,16,932330,7.46E-04
932340,17,932320,2.34E-07
932340,18,0,3.12E+00
932340,102,932350,1.18E-01
932350,16,932340,8.38E-04
932350,17,932330,2.33E-05
932350,18,0,1.64E+00
932350,102,932360,9.14E-01
932360,16,932350,1.54E-03
932360,17,932340,2.97E-05
932360,18,0,2.76E+00
932360,102,932370,2.37E-01
932370,16,932360,1.97E-03
932370,17,932350,1.16E-04
932370,18,0,5.40E-01
932370,102,932380,1.07E+00
932380,16,932370,5.85E-03
932380,17,932360,1.95E-04
932380,18,0,2.21E+00
932380,102,932390,2.58E-01
932390,16,932380,5.83E-03
932390,17,932370,5.95E-04
932390,18,0,1.59E-01
932390,102,932400,7.63E-01
932361,16,932350,2.47E-03
932361,17,932340,6.72E-05
932361,18,0,2.63E+00
932361,102,932370,1.35E-01
942360,16,942350,4.12E-04
942360,17,942340,3.59E-06
942360,18,0,3.13E+00
942360,102,942370,1.81E-01
942370,16,942360,7.06E-04
942370,17,942350,5.87E-06
942370,18,0,3.09E+00
942370,102,942380,2.16E-01
942380,16,942370,4.52E-04
942380,17,942360,6.79E-05
942380,18,0,1.25E+00
942380,102,942390,4.53E-01
942390,16,942380,1.87E-03
942390,17,942370,2.74E-04
942390,18,0,1.71E+00
942390,102,942400,3.19E-01
942400,16,942390,2.88E-03
942400,17,942380,2.50E-04
942400,18,0,5.93E-01
942400,102,942410,3.64E-01
942410,16,942400,9.94E-03
942410,17,942390,1.84E-04
942410,18,0,2.10E+00
942410,102,942420,2.99E-01
942420,16,942410,3.56E-03
942420,17,942400,3.77E-04
942420,18,0,4.68E-01
942420,102,942430,3.00E-01
942430,16,942420,2.45E-02
942430,17,942410,1.16E-03
942430,18,0,7.74E-01
942430,102,942440,2.31E-01
942440,16,942430,6.78E-03
942440,17,942420,6.31E-04
942440,18,0,3.93E-01
942440,102,942450,1.81E-01
942450,16,942440,2.27E-02
942450,18,0,2.68E-02
942450,102,942460,6.92E-01
942450,103,932450,9.36E-07
942460,16,942450,1.10E-02
942460,17,942440,1.02E-03
942460,18,0,1.58E-01
942460,102,942470,1.18E-01
952400,16,952390,4.83E-04
952400,17,952380,5.68E-06
952400,18,0,2.57E+00
952400,102,952410,3.13E-01
952410,16,952400,1.04E-03
952410,17,952390,1.11E-04
952410,18,0,4.52E-01
952410,102,952420,1.32E+00
952420,16,952410,3.29E-03
952420,17,952400,6.83E-06
952420,18,0,2.65E+00
952420,102,952430,2.62E-01
952430,16,952420,1.30E-03
952430,17,952410,1.01E-04
952430,18,0,3.55E-01
952430,102,952440,1.14E+00
952440,16,952430,1.24E-02
952440,17,952420,9.97E-04
952440,18,0,2.62E+00
952440,102,952450,6.90E-01
952421,16,952410,2.78E-03
952421,17,952400,1.23E-05
952421,18,0,2.69E+00
952421,102,952430,3.24E-01
952441,16,952430,1.24E-02
952441,17,952420,9.97E-04
952441,18,0,2.63E+00
952441,102,952450,6.30E-01
962400,16,962390,1.63E-04
962400,17,962380,7.07E-07
962400,18,0,1.33E+00
962400,102,962410,5.75E-01
962410,16,962400,1.13E-03
962410,17,962390,2.75E-06
962410,18,0,2.79E+00
962410,102,962420,1.29E-01
962420,16,962410,8.33E-04
962420,17,962400,5.29E-06
962420,18,0,9.34E-01
962420,102,962430,5.54E-01
962430,16,962420,1.52E-03
962430,17,962410,3.64E-05
962430,18,0,2.92E+00
962430,102,962440,2.53E-01
962440,16,962430,1.88E-03
962440,17,962420,9.30E-05
962440,18,0,7.53E-01
962440,102,962450,4.31E-01
962450,16,962440,3.51E-03
962450,17,962430,1.06E-04
962450,18,0,2.27E+00
962450,102,962460,3.07E-01
962460,16,962450,3.73E-03
962460,17,962440,2.11E-04
962460,18,0,5.10E-01
962460,102,962470,2.59E-01
962470,16,962460,5.84E-03
962470,17,962450,2.50E-04
962470,18,0,2.24E+00
962470,102,962480,2.26E-01
962480,16,962470,4.92E-03
962480,17,962460,4.64E-04
962480,18,0,4.32E-01
962480,102,962490,1.95E-01
962490,16,962480,1.82E-02
962490,17,962470,5.55E-04
962490,18,0,1.57E+00
962490,102,962500,9.29E-02
962500,16,962490,1.11E-02
962500,17,962480,8.94E-04
962500,18,0,1.97E-01
962500,102,962510,1.14E-01
972450,16,972440,1.32E-03
972450,17,972430,6.76E-06
972450,18,0,3.72E-01
972450,102,972460,1.27E+00
972460,16,972450,2.57E-03
972460,17,972440,2.67E-05
972460,18,0,2.34E+00
972460,102,972470,5.49E-01
972470,16,972460,3.28E-03
972470,17,972450,8.21E-05
972470,18,0,2.50E-01
972470,102,972480,9.37E-01
972480,16,972470,3.86E-03
972480,17,972460,7.13E-05
972480,18,0,2.21E+00
972480,102,972490,6.14E-01
972490,16,972480,2.18E-03
972490,17,972470,8.87E-05
972490,18,0,3.00E-01
972490,102,972500,7.50E-01
972500,16,972490,1.21E-02
972500,17,972480,2.27E-04
972500,18,0,1.35E+00
972500,102,972510,4.95E-01
982460,16,982450,3.35E-04
982460,17,982440,1.35E-05
982460,18,0,1.31E+00
982460,102,982470,4.63E-01
982470,16,982460,7.33E-04
982470,18,0,3.98E-01
982470,102,982480,3.99E-01
982470,103,972470,5.14E-06
982480,16,982470,1.44E-03
982480,17,982460,5.92E-05
982480,18,0,6.24E-01
982480,102,982490,3.23E-01
982490,16,982480,3.37E-03
982490,17,982470,8.78E-05
982490,18,0,2.16E+00
982490,102,982500,3.86E-01
982500,16,982490,2.10E-03
982500,17,982480,1.18E-04
982500,18,0,4.52E-01
982500,102,982510,2.35E-01
982510,16,982500,6.93E-03
982510,17,982490,1.00E-04
982510,18,0,1.51E+00
982510,102,982520,2.97E-01
982520,16,982510,2.54E-03
982520,17,982500,1.88E-04
982520,18,0,1.61E+00
982520,102,982530,8.99E-02
982530,16,982520,4.45E-03
982530,17,982510,2.70E-04
982530,18,0,1.09E+00
982530,102,982540,4.58E-01
982540,16,982530,4.93E-03
982540,17,982520,1.74E-04
982540,18,0,9.28E-01
982540,102,982550,8.22E-02
