1-H3,10030,,,,
2-HE6,20060,,,,
2-HE8,20080,,,,
3-LI8,30080,,,,
3-LI9,30090,,,,
4-BE7,40070,,,,
4-BE10,40100,,,,
4-BE11,40110,,,,
4-BE12,40120,,,,
5-B12,50120,,,,
5-B13,50130,,,,
5-B14,50140,,,,
6-C9,60090,,,,
6-C10,60100,,,,
6-C11,60110,,,,
6-C14,60140,,,,
6-C15,60150,,,,
6-C16,60160,,,,
7-N12,70120,,,,
7-N13,70130,,,,
7-N16,70160,,,,
7-N17,70170,,,,
7-N18,70180,,,,
8-O13,80130,,,,
8-O14,80140,,,,
8-O15,80150,,,,
8-O19,80190,,,,
8-O20,80200,,,,
9-F18,90180,,,,
9-F20,90200,,,,
9-F21,90210,,,,
9-F22,90220,,,,
9-F23,90230,,,,
10-NE18,100180,,,,
10-NE19,100190,,,,
10-NE23,100230,,,,
10-NE24,100240,,,,
10-NE25,100250,,,,
11-NA20,110200,,,,
11-NA21,110210,,,,
11-NA22,110220,,,,
11-NA24,110240,,,,
11-NA24,110241,,,,
11-NA25,110250,,,,
11-NA26,110260,,,,
11-NA27,110270,,,,
11-NA28,110280,,,,
11-NA29,110290,,,,
11-NA33,110330,,,,
11-NA34,110340,,,,
11-NA35,110350,,,,
12-MG21,120210,,,,
12-MG22,120220,,,,
12-MG23,120230,,,,
12-MG27,120270,,,,
12-MG28,120280,,,,
12-MG29,120290,,,,
12-MG33,120330,,,,
13-AL23,130230,,,,
13-AL24,130240,,,,
13-AL24,130241,,,,
13-AL25,130250,,,,
13-AL26,130260,,,,
13-AL26,130261,,,,
13-AL28,130280,,,,
13-AL29,130290,,,,
13-AL30,130300,,,,
13-AL31,130310,,,,
13-AL32,130320,,,,
14-SI25,140250,,,,
14-SI26,140260,,,,
14-SI27,140270,,,,
14-SI31,140310,,,,
14-SI32,140320,,,,
14-SI33,140330,,,,
14-SI34,140340,,,,
15-P28,150280,,,,
15-P29,150290,,,,
15-P30,150300,,,,
15-P32,150320,,,,
15-P33,150330,,,,
15-P34,150340,,,,
15-P35,150350,,,,
15-P36,150360,,,,
16-S29,160290,,,,
16-S30,160300,,,,
16-S31,160310,,,,
16-S35,160350,,,,
16-S37,160370,,,,
16-S38,160380,,,,
16-S39,160390,,,,
17-CL32,170320,,,,
17-CL33,170330,,,,
17-CL34,170340,,,,
17-CL34,170341,,,,
17-CL36,170360,,,,
17-CL38,170380,,,,
17-CL38,170381,,,,
17-CL39,170390,,,,
17-CL40,170400,,,,
17-CL41,170410,,,,
17-CL42,170420,,,,
17-CL43,170430,,,,
18-AR33,180330,,,,
18-AR34,180340,,,,
18-AR35,180350,,,,
18-AR37,180370,,,,
18-AR39,180390,,,,
18-AR41,180410,,,,
18-AR42,180420,,,,
18-AR43,180430,,,,
18-AR44,180440,,,,
18-AR45,180450,,,,
18-AR46,180460,,,,
19-K35,190350,,,,
19-K36,190360,,,,
19-K37,190370,,,,
19-K38,190380,,,,
19-K38,190381,,,,
19-K40,190400,,,,
19-K42,190420,,,,
19-K43,190430,,,,
19-K44,190440,,,,
19-K45,190450,,,,
19-K46,190460,,,,
19-K47,190470,,,,
19-K48,190480,,,,
19-K49,190490,,,,
19-K50,190500,,,,
19-K51,190510,,,,
20-CA36,200360,,,,
20-CA37,200370,,,,
20-CA38,200380,,,,
20-CA39,200390,,,,
20-CA41,200410,,,,
20-CA45,200450,,,,
20-CA47,200470,,,,
20-CA49,200490,,,,
20-CA50,200500,,,,
20-CA51,200510,,,,
21-SC40,210400,,,,
21-SC41,210410,,,,
21-SC42,210420,,,,
21-SC42,210421,,,,
21-SC43,210430,,,,
21-SC44,210440,,,,
21-SC44,210441,,,,
21-SC45,210451,,,,
21-SC46,210460,,,,
21-SC46,210461,,,,
21-SC47,210470,,,,
21-SC48,210480,,,,
21-SC49,210490,,,,
21-SC50,210500,,,,
21-SC50,210501,,,,
21-SC51,210510,,,,
22-TI41,220410,,,,
22-TI42,220420,,,,
22-TI43,220430,,,,
22-TI44,220440,,,,
22-TI45,220450,,,,
22-TI51,220510,,,,
22-TI52,220520,,,,
22-TI53,220530,,,,
23-V44,230440,,,,
23-V45,230450,,,,
23-V46,230460,,,,
23-V46,230461,,,,
23-V47,230470,,,,
23-V48,230480,,,,
23-V49,230490,,,,
23-V50,230500,,,,
23-V52,230520,,,,
23-V53,230530,,,,
23-V54,230540,,,,
23-V55,230550,,,,
24-CR45,240450,,,,
24-CR46,240460,,,,
24-CR47,240470,,,,
24-CR48,240480,,,,
24-CR49,240490,,,,
24-CR51,240510,,,,
24-CR55,240550,,,,
24-CR56,240560,,,,
24-CR57,240570,,,,
25-MN49,250490,,,,
25-MN50,250500,,,,
25-MN50,250501,,,,
25-MN51,250510,,,,
25-MN52,250520,,,,
25-MN52,250521,,,,
25-MN53,250530,,,,
25-MN54,250540,,,,
25-MN56,250560,,,,
25-MN57,250570,,,,
25-MN58,250580,,,,
25-MN58,250581,,,,
25-MN59,250590,,,,
25-MN60,250600,,,,
26-FE49,260490,,,,
26-FE51,260510,,,,
26-FE52,260520,,,,
26-FE52,260521,,,,
26-FE53,260530,,,,
26-FE53,260531,,,,
26-FE55,260550,,,,
26-FE59,260590,,,,
26-FE60,260600,,,,
26-FE61,260610,,,,
26-FE62,260620,,,,
26-FE63,260630,,,,
27-CO53,270530,,,,
27-CO53,270531,,,,
27-CO54,270540,,,,
27-CO54,270541,,,,
27-CO55,270550,,,,
27-CO56,270560,,,,
27-CO57,270570,,,,
27-CO58,270580,,,,
27-CO58,270581,,,,
27-CO60,270600,,,,
27-CO60,270601,,,,
27-CO61,270610,,,,
27-CO62,270620,,,,
27-CO62,270621,,,,
27-CO63,270630,,,,
27-CO64,270640,,,,
27-CO65,270650,,,,
27-CO66,270660,,,,
28-NI53,280530,,,,
28-NI55,280550,,,,
28-NI56,280560,,,,
28-NI57,280570,,,,
28-NI59,280590,,,,
28-NI63,280630,,,,
28-NI65,280650,,,,
28-NI66,280660,,,,
28-NI67,280670,,,,
28-NI68,280680,,,,
28-NI69,280690,,,,
29-CU57,290570,,,,
29-CU58,290580,,,,
29-CU59,290590,,,,
29-CU60,290600,,,,
29-CU61,290610,,,,
29-CU62,290620,,,,
29-CU64,290640,,,,
29-CU66,290660,,,,
29-CU67,290670,,,,
29-CU68,290680,,,,
29-CU68,290681,,,,
29-CU69,290690,,,,
29-CU70,290700,,,,
29-CU70,290701,,,,
29-CU71,290710,,,,
29-CU72,290720,,,,
29-CU73,290730,,,,
29-CU74,290740,,,,
29-CU75,290750,,,,
29-CU76,290760,,,,
29-CU78,290780,,,,
30-ZN57,300570,,,,
30-ZN59,300590,,,,
30-ZN60,300600,,,,
30-ZN61,300610,,,,
30-ZN62,300620,,,,
30-ZN63,300630,,,,
30-ZN65,300650,,,,
30-ZN69,300690,,,,
30-ZN69,300691,,,,
30-ZN71,300710,,,,
30-ZN71,300711,,,,
30-ZN72,300720,,,,
30-ZN73,300730,,,,
30-ZN73,300731,,,,
30-ZN74,300740,,,,
30-ZN75,300750,,,,
30-ZN76,300760,,,,
30-ZN77,300770,,,,
30-ZN77,300771,,,,
30-ZN78,300780,,,,
30-ZN79,300790,,,,
30-ZN80,300800,,,,
31-GA62,310620,,,,
31-GA63,310630,,,,
31-GA64,310640,,,,
31-GA65,310650,,,,
31-GA66,310660,,,,
31-GA67,310670,,,,
31-GA68,310680,,,,
31-GA70,310700,,,,
31-GA72,310720,,,,
31-GA72,310721,,,,
31-GA73,310730,,,,
31-GA74,310740,,,,
31-GA74,310741,,,,
31-GA75,310750,,,,
31-GA76,310760,,,,
31-GA77,310770,,,,
31-GA78,310780,,,,
31-GA79,310790,,,,
31-GA80,310800,,,,
31-GA81,310810,,,,
31-GA82,310820,,,,
31-GA83,310830,,,,
31-GA84,310840,,,,
32-GE64,320640,,,,
32-GE65,320650,,,,
32-GE66,320660,,,,
32-GE67,320670,,,,
32-GE68,320680,,,,
32-GE69,320690,,,,
32-GE71,320710,,,,
32-GE71,320711,,,,
32-GE73,320731,,,,
32-GE75,320750,,,,
32-GE75,320751,,,,
32-GE77,320770,,,,
32-GE77,320771,,,,
32-GE78,320780,,,,
32-GE79,320790,,,,
32-GE79,320791,,,,
32-GE80,320800,,,,
32-GE81,320810,,,,
32-GE81,320811,,,,
32-GE82,320820,,,,
32-GE83,320830,,,,
32-GE84,320840,,,,
32-GE85,320850,,,,
32-GE86,320860,,,,
33-AS66,330660,,,,
33-AS67,330670,,,,
33-AS68,330680,,,,
33-AS69,330690,,,,
33-AS70,330700,,,,
33-AS71,330710,,,,
33-AS72,330720,,,,
33-AS73,330730,,,,
33-AS74,330740,,,,
33-AS75,330751,,,,
33-AS76,330760,,,,
33-AS77,330770,,,,
33-AS78,330780,,,,
33-AS79,330790,,,,
33-AS80,330800,,,,
33-AS81,330810,,,,
33-AS82,330820,,,,
33-AS82,330821,,,,
33-AS83,330830,,,,
33-AS84,330840,,,,
33-AS85,330850,,,,
33-AS86,330860,,,,
33-AS87,330870,,,,
33-AS88,330880,,,,
34-SE68,340680,,,,
34-SE69,340690,,,,
34-SE70,340700,,,,
34-SE71,340710,,,,
34-SE72,340720,,,,
34-SE73,340730,,,,
34-SE73,340731,,,,
34-SE75,340750,,,,
34-SE77,340771,,,,
34-SE79,340790,,,,
34-SE79,340791,,,,
34-SE81,340810,,,,
34-SE81,340811,,,,
34-SE82,340820,,,,
34-SE83,340830,,,,
34-SE83,340831,,,,
34-SE84,340840,,,,
34-SE85,340850,,,,
34-SE86,340860,,,,
34-SE87,340870,,,,
34-SE88,340880,,,,
34-SE89,340890,,,,
34-SE90,340900,,,,
34-SE91,340910,,,,
34-SE92,340920,,,,
35-BR71,350710,,,,
35-BR72,350720,,,,
35-BR73,350730,,,,
35-BR74,350740,,,,
35-BR74,350741,,,,
35-BR75,350750,,,,
35-BR76,350760,,,,
35-BR76,350761,,,,
35-BR77,350770,,,,
35-BR77,350771,,,,
35-BR78,350780,,,,
35-BR79,350791,,,,
35-BR80,350800,,,,
35-BR80,350801,,,,
35-BR82,350820,,,,
35-BR82,350821,,,,
35-BR83,350830,,,,
35-BR84,350840,,,,
35-BR84,350841,,,,
35-BR85,350850,,,,
35-BR86,350860,,,,
35-BR87,350870,,,,
35-BR88,350880,,,,
35-BR89,350890,,,,
35-BR90,350900,,,,
35-BR91,350910,,,,
35-BR92,350920,,,,
35-BR93,350930,,,,
35-BR94,350940,,,,
36-KR71,360710,,,,
36-KR72,360720,,,,
36-KR73,360730,,,,
36-KR74,360740,,,,
36-KR75,360750,,,,
36-KR76,360760,,,,
36-KR77,360770,,,,
36-KR79,360790,,,,
36-KR79,360791,,,,
36-KR81,360810,,,,
36-KR81,360811,,,,
36-KR83,360831,,,,
36-KR85,360850,,,,
36-KR85,360851,,,,
36-KR87,360870,,,,
36-KR88,360880,,,,
36-KR89,360890,,,,
36-KR90,360900,,,,
36-KR91,360910,,,,
36-KR92,360920,,,,
36-KR93,360930,,,,
36-KR94,360940,,,,
36-KR95,360950,,,,
37-RB74,370740,,,,
37-RB75,370750,,,,
37-RB76,370760,,,,
37-RB77,370770,,,,
37-RB78,370780,,,,
37-RB78,370781,,,,
37-RB79,370790,,,,
37-RB80,370800,,,,
37-RB81,370810,,,,
37-RB81,370811,,,,
37-RB82,370820,,,,
37-RB82,370821,,,,
37-RB83,370830,,,,
37-RB84,370840,,,,
37-RB84,370841,,,,
37-RB86,370860,,,,
37-RB86,370861,,,,
37-RB87,370870,,,,
37-RB88,370880,,,,
37-RB89,370890,,,,
37-RB90,370900,,,,
37-RB90,370901,,,,
37-RB91,370910,,,,
37-RB92,370920,,,,
37-RB93,370930,,,,
37-RB94,370940,,,,
37-RB95,370950,,,,
37-RB96,370960,,,,
37-RB97,370970,,,,
37-RB98,370980,,,,
37-RB99,370990,,,,
37-RB100,371000,,,,
37-RB101,371010,,,,
37-RB102,371020,,,,
38-SR77,380770,,,,
38-SR79,380790,,,,
38-SR80,380800,,,,
38-SR81,380810,,,,
38-SR82,380820,,,,
38-SR83,380830,,,,
38-SR83,380831,,,,
38-SR85,380850,,,,
38-SR85,380851,,,,
38-SR87,380871,,,,
38-SR89,380890,,,,
38-SR90,380900,,,,
38-SR91,380910,,,,
38-SR92,380920,,,,
38-SR93,380930,,,,
38-SR94,380940,,,,
38-SR95,380950,,,,
38-SR96,380960,,,,
38-SR97,380970,,,,
38-SR98,380980,,,,
38-SR99,380990,,,,
38-SR100,381000,,,,
38-SR101,381010,,,,
38-SR102,381020,,,,
39-Y80,390800,,,,
39-Y81,390810,,,,
39-Y82,390820,,,,
39-Y83,390830,,,,
39-Y83,390831,,,,
39-Y84,390840,,,,
39-Y84,390841,,,,
39-Y85,390850,,,,
39-Y85,390851,,,,
39-Y86,390860,,,,
39-Y86,390861,,,,
39-Y87,390870,,,,
39-Y87,390871,,,,
39-Y88,390880,,,,
39-Y89,390891,,,,
39-Y90,390900,,,,
39-Y90,390901,,,,
39-Y91,390910,,,,
39-Y91,390911,,,,
39-Y92,390920,,,,
39-Y93,390930,,,,
39-Y93,390931,,,,
39-Y94,390940,,,,
39-Y95,390950,,,,
39-Y96,390960,,,,
39-Y96,390961,,,,
39-Y97,390970,,,,
39-Y97,390971,,,,
39-Y98,390980,,,,
39-Y98,390981,,,,
39-Y99,390990,,,,
39-Y100,391000,,,,
39-Y100,391001,,,,
39-Y101,391010,,,,
39-Y102,391020,,,,
39-Y103,391030,,,,
40-ZR82,400820,,,,
40-ZR83,400830,,,,
40-ZR84,400840,,,,
40-ZR85,400850,,,,
40-ZR85,400851,,,,
40-ZR86,400860,,,,
40-ZR87,400870,,,,
40-ZR87,400871,,,,
40-ZR88,400880,,,,
40-ZR89,400890,,,,
40-ZR89,400891,,,,
40-ZR90,400901,,,,
40-ZR93,400930,,,,
40-ZR95,400950,,,,
40-ZR97,400970,,,,
40-ZR98,400980,,,,
40-ZR99,400990,,,,
40-ZR100,401000,,,,
40-ZR101,401010,,,,
40-ZR102,401020,,,,
40-ZR103,401030,,,,
40-ZR104,401040,,,,
41-NB84,410840,,,,
41-NB86,410860,,,,
41-NB87,410870,,,,
41-NB87,410871,,,,
41-NB88,410880,,,,
41-NB88,410881,,,,
41-NB89,410890,,,,
41-NB89,410891,,,,
41-NB90,410900,,,,
41-NB90,410901,,,,
41-NB91,410910,,,,
41-NB91,410911,,,,
41-NB92,410920,,,,
41-NB92,410921,,,,
41-NB93,410931,,,,
41-NB94,410940,,,,
41-NB94,410941,,,,
41-NB95,410950,,,,
41-NB95,410951,,,,
41-NB96,410960,,,,
41-NB97,410970,,,,
41-NB97,410971,,,,
41-NB98,410980,,,,
41-NB98,410981,,,,
41-NB99,410990,,,,
41-NB99,410991,,,,
41-NB100,411000,,,,
41-NB100,411001,,,,
41-NB101,411010,,,,
41-NB102,411020,,,,
41-NB102,411021,,,,
41-NB103,411030,,,,
41-NB104,411040,,,,
41-NB104,411041,,,,
41-NB105,411050,,,,
41-NB106,411060,,,,
41-NB107,411070,,,,
41-NB108,411080,,,,
42-MO87,420870,,,,
42-MO88,420880,,,,
42-MO90,420900,,,,
42-MO91,420910,,,,
42-MO91,420911,,,,
42-MO93,420930,,,,
42-MO93,420931,,,,
42-MO99,420990,,,,
42-MO101,421010,,,,
42-MO102,421020,,,,
42-MO103,421030,,,,
42-MO104,421040,,,,
42-MO105,421050,,,,
42-MO106,421060,,,,
42-MO107,421070,,,,
42-MO108,421080,,,,
42-MO110,421100,,,,
43-TC90,430900,,,,
43-TC91,430910,,,,
43-TC91,430911,,,,
43-TC92,430920,,,,
43-TC93,430930,,,,
43-TC93,430931,,,,
43-TC94,430940,,,,
43-TC94,430941,,,,
43-TC95,430950,,,,
43-TC95,430951,,,,
43-TC96,430960,,,,
43-TC96,430961,,,,
43-TC97,430970,,,,
43-TC97,430971,,,,
43-TC98,430980,,,,
43-TC99,430990,,,,
43-TC99,430991,,,,
43-TC100,431000,,,,
43-TC101,431010,,,,
43-TC102,431020,,,,
43-TC102,431021,,,,
43-TC103,431030,,,,
43-TC104,431040,,,,
43-TC105,431050,,,,
43-TC106,431060,,,,
43-TC107,431070,,,,
43-TC108,431080,,,,
43-TC109,431090,,,,
43-TC110,431100,,,,
43-TC111,431110,,,,
43-TC112,431120,,,,
44-RU92,440920,,,,
44-RU93,440930,,,,
44-RU93,440931,,,,
44-RU94,440940,,,,
44-RU95,440950,,,,
44-RU97,440970,,,,
44-RU103,441030,,,,
44-RU103,441031,,,,
44-RU105,441050,,,,
44-RU106,441060,,,,
44-RU107,441070,,,,
44-RU108,441080,,,,
44-RU109,441090,,,,
44-RU109,441091,,,,
44-RU110,441100,,,,
44-RU111,441110,,,,
44-RU112,441120,,,,
44-RU113,441130,,,,
44-RU114,441140,,,,
45-RH94,450940,,,,
45-RH94,450941,,,,
45-RH95,450950,,,,
45-RH95,450951,,,,
45-RH96,450960,,,,
45-RH96,450961,,,,
45-RH97,450970,,,,
45-RH97,450971,,,,
45-RH98,450980,,,,
45-RH98,450981,,,,
45-RH99,450990,,,,
45-RH99,450991,,,,
45-RH100,451000,,,,
45-RH100,451001,,,,
45-RH101,451010,,,,
45-RH101,451011,,,,
45-RH102,451020,,,,
45-RH102,451021,,,,
45-RH103,451031,,,,
45-RH104,451040,,,,
45-RH104,451041,,,,
45-RH105,451050,,,,
45-RH105,451051,,,,
45-RH106,451060,,,,
45-RH106,451061,,,,
45-RH107,451070,,,,
45-RH108,451080,,,,
45-RH108,451081,,,,
45-RH109,451090,,,,
45-RH110,451100,,,,
45-RH110,451101,,,,
45-RH111,451110,,,,
45-RH112,451120,,,,
45-RH113,451130,,,,
45-RH114,451140,,,,
45-RH114,451141,,,,
45-RH115,451150,,,,
45-RH116,451160,,,,
45-RH116,451161,,,,
45-RH117,451170,,,,
45-RH119,451190,,,,
46-PD94,460940,,,,
46-PD97,460970,,,,
46-PD98,460980,,,,
46-PD99,460990,,,,
46-PD100,461000,,,,
46-PD101,461010,,,,
46-PD103,461030,,,,
46-PD107,461070,,,,
46-PD107,461071,,,,
46-PD109,461090,,,,
46-PD109,461091,,,,
46-PD111,461110,,,,
46-PD111,461111,,,,
46-PD112,461120,,,,
46-PD113,461130,,,,
46-PD113,461131,,,,
46-PD114,461140,,,,
46-PD115,461150,,,,
46-PD116,461160,,,,
46-PD117,461170,,,,
46-PD118,461180,,,,
46-PD119,461190,,,,
46-PD120,461200,,,,
46-PD122,461220,,,,
47-AG97,470970,,,,
47-AG98,470980,,,,
47-AG99,470990,,,,
47-AG99,470991,,,,
47-AG100,471000,,,,
47-AG100,471001,,,,
47-AG101,471010,,,,
47-AG101,471011,,,,
47-AG102,471020,,,,
47-AG102,471021,,,,
47-AG103,471030,,,,
47-AG103,471031,,,,
47-AG104,471040,,,,
47-AG104,471041,,,,
47-AG105,471050,,,,
47-AG105,471051,,,,
47-AG106,471060,,,,
47-AG106,471061,,,,
47-AG107,471071,,,,
47-AG108,471080,,,,
47-AG108,471081,,,,
47-AG109,471091,,,,
47-AG110,471100,,,,
47-AG110,471101,,,,
47-AG111,471110,,,,
47-AG111,471111,,,,
47-AG112,471120,,,,
47-AG113,471130,,,,
47-AG113,471131,,,,
47-AG114,471140,,,,
47-AG114,471141,,,,
47-AG115,471150,,,,
47-AG115,471151,,,,
47-AG116,471160,,,,
47-AG116,471161,,,,
47-AG117,471170,,,,
47-AG117,471171,,,,
47-AG118,471180,,,,
47-AG118,471181,,,,
47-AG119,471190,,,,
47-AG120,471200,,,,
47-AG120,471201,,,,
47-AG121,471210,,,,
47-AG122,471220,,,,
47-AG122,471221,,,,
47-AG123,471230,,,,
47-AG124,471240,,,,
47-AG125,471250,,,,
48-CD99,480990,,,,
48-CD100,481000,,,,
48-CD101,481010,,,,
48-CD102,481020,,,,
48-CD103,481030,,,,
48-CD104,481040,,,,
48-CD105,481050,,,,
48-CD107,481070,,,,
48-CD109,481090,,,,
48-CD111,481111,,,,
48-CD113,481130,,,,
48-CD113,481131,,,,
48-CD115,481150,,,,
48-CD115,481151,,,,
48-CD117,481170,,,,
48-CD117,481171,,,,
48-CD118,481180,,,,
48-CD119,481190,,,,
48-CD119,481191,,,,
48-CD120,481200,,,,
48-CD121,481210,,,,
48-CD121,481211,,,,
48-CD122,481220,,,,
48-CD123,481230,,,,
48-CD124,481240,,,,
48-CD125,481250,,,,
48-CD126,481260,,,,
48-CD127,481270,,,,
48-CD128,481280,,,,
48-CD130,481300,,,,
49-IN102,491020,,,,
49-IN103,491030,,,,
49-IN104,491040,,,,
49-IN105,491050,,,,
49-IN105,491051,,,,
49-IN106,491060,,,,
49-IN106,491061,,,,
49-IN107,491070,,,,
49-IN107,491071,,,,
49-IN108,491080,,,,
49-IN108,491081,,,,
49-IN109,491090,,,,
49-IN109,491091,,,,
49-IN109,491092,,,,
49-IN110,491100,,,,
49-IN110,491101,,,,
49-IN111,491110,,,,
49-IN111,491111,,,,
49-IN112,491120,,,,
49-IN112,491121,,,,
49-IN113,491131,,,,
49-IN114,491140,,,,
49-IN114,491141,,,,
49-IN114,491142,,,,
49-IN115,491150,,,,
49-IN115,491151,,,,
49-IN116,491160,,,,
49-IN116,491161,,,,
49-IN116,491162,,,,
49-IN117,491170,,,,
49-IN117,491171,,,,
49-IN118,491180,,,,
49-IN118,491181,,,,
49-IN118,491182,,,,
49-IN119,491190,,,,
49-IN119,491191,,,,
49-IN120,491200,,,,
49-IN120,491201,,,,
49-IN120,491202,,,,
49-IN121,491210,,,,
49-IN121,491211,,,,
49-IN122,491220,,,,
49-IN122,491221,,,,
49-IN122,491222,,,,
49-IN123,491230,,,,
49-IN123,491231,,,,
49-IN124,491240,,,,
49-IN124,491241,,,,
49-IN125,491250,,,,
49-IN125,491251,,,,
49-IN126,491260,,,,
49-IN126,491261,,,,
49-IN127,491270,,,,
49-IN127,491271,,,,
49-IN128,491280,,,,
49-IN128,491281,,,,
49-IN129,491290,,,,
49-IN129,491291,,,,
49-IN130,491300,,,,
49-IN130,491301,,,,
49-IN130,491302,,,,
49-IN131,491310,,,,
49-IN131,491311,,,,
49-IN131,491312,,,,
49-IN132,491320,,,,
49-IN133,491330,,,,
50-SN106,501060,,,,
50-SN107,501070,,,,
50-SN108,501080,,,,
50-SN109,501090,,,,
50-SN110,501100,,,,
50-SN111,501110,,,,
50-SN113,501130,,,,
50-SN113,501131,,,,
50-SN117,501171,,,,
50-SN119,501191,,,,
50-SN121,501210,,,,
50-SN121,501211,,,,
50-SN123,501230,,,,
50-SN123,501231,,,,
50-SN125,501250,,,,
50-SN125,501251,,,,
50-SN126,501260,,,,
50-SN127,501270,,,,
50-SN127,501271,,,,
50-SN128,501280,,,,
50-SN128,501281,,,,
50-SN129,501290,,,,
50-SN129,501291,,,,
50-SN130,501300,,,,
50-SN130,501301,,,,
50-SN131,501310,,,,
50-SN131,501311,,,,
50-SN132,501320,,,,
50-SN133,501330,,,,
50-SN134,501340,,,,
50-SN135,501350,,,,
50-SN136,501360,,,,
51-SB108,511080,,,,
51-SB109,511090,,,,
51-SB110,511100,,,,
51-SB111,511110,,,,
51-SB112,511120,,,,
51-SB113,511130,,,,
51-SB114,511140,,,,
51-SB115,511150,,,,
51-SB116,511160,,,,
51-SB116,511161,,,,
51-SB117,511170,,,,
51-SB118,511180,,,,
51-SB118,511181,,,,
51-SB119,511190,,,,
51-SB120,511200,,,,
51-SB120,511201,,,,
51-SB122,511220,,,,
51-SB122,511221,,,,
51-SB124,511240,,,,
51-SB124,511241,,,,
51-SB124,511242,,,,
51-SB125,511250,,,,
51-SB126,511260,,,,
51-SB126,511261,,,,
51-SB126,511262,,,,
51-SB127,511270,,,,
51-SB128,511280,,,,
51-SB128,511281,,,,
51-SB129,511290,,,,
51-SB129,511291,,,,
51-SB130,511300,,,,
51-SB130,511301,,,,
51-SB131,511310,,,,
51-SB132,511320,,,,
51-SB132,511321,,,,
51-SB133,511330,,,,
51-SB134,511340,,,,
51-SB134,511341,,,,
51-SB135,511350,,,,
51-SB136,511360,,,,
51-SB137,511370,,,,
51-SB138,511380,,,,
52-TE107,521070,,,,
52-TE108,521080,,,,
52-TE109,521090,,,,
52-TE110,521100,,,,
52-TE112,521120,,,,
52-TE113,521130,,,,
52-TE114,521140,,,,
52-TE115,521150,,,,
52-TE115,521151,,,,
52-TE116,521160,,,,
52-TE117,521170,,,,
52-TE117,521171,,,,
52-TE118,521180,,,,
52-TE119,521190,,,,
52-TE119,521191,,,,
52-TE121,521210,,,,
52-TE121,521211,,,,
52-TE123,521230,,,,
52-TE123,521231,,,,
52-TE125,521251,,,,
52-TE127,521270,,,,
52-TE127,521271,,,,
52-TE129,521290,,,,
52-TE129,521291,,,,
52-TE131,521310,,,,
52-TE131,521311,,,,
52-TE132,521320,,,,
52-TE133,521330,,,,
52-TE133,521331,,,,
52-TE134,521340,,,,
52-TE135,521350,,,,
52-TE136,521360,,,,
52-TE137,521370,,,,
52-TE138,521380,,,,
52-TE139,521390,,,,
52-TE140,521400,,,,
52-TE141,521410,,,,
53-I110,531100,,,,
53-I111,531110,,,,
53-I112,531120,,,,
53-I113,531130,,,,
53-I114,531140,,,,
53-I115,531150,,,,
53-I116,531160,,,,
53-I117,531170,,,,
53-I118,531180,,,,
53-I118,531181,,,,
53-I119,531190,,,,
53-I120,531200,,,,
53-I120,531201,,,,
53-I121,531210,,,,
53-I122,531220,,,,
53-I123,531230,,,,
53-I124,531240,,,,
53-I125,531250,,,,
53-I126,531260,,,,
53-I128,531280,,,,
53-I129,531290,,,,
53-I130,531300,,,,
53-I130,531301,,,,
53-I131,531310,,,,
53-I132,531320,,,,
53-I132,531321,,,,
53-I133,531330,,,,
53-I133,531331,,,,
53-I134,531340,,,,
53-I134,531341,,,,
53-I135,531350,,,,
53-I136,531360,,,,
53-I136,531361,,,,
53-I137,531370,,,,
53-I138,531380,,,,
53-I139,531390,,,,
53-I140,531400,,,,
53-I141,531410,,,,
53-I142,531420,,,,
54-XE110,541100,,,,
54-XE111,541110,,,,
54-XE112,541120,,,,
54-XE113,541130,,,,
54-XE114,541140,,,,
54-XE115,541150,,,,
54-XE116,541160,,,,
54-XE117,541170,,,,
54-XE118,541180,,,,
54-XE119,541190,,,,
54-XE120,541200,,,,
54-XE121,541210,,,,
54-XE122,541220,,,,
54-XE123,541230,,,,
54-XE125,541250,,,,
54-XE125,541251,,,,
54-XE127,541270,,,,
54-XE127,541271,,,,
54-XE129,541291,,,,
54-XE131,541311,,,,
54-XE133,541330,,,,
54-XE133,541331,,,,
54-XE134,541341,,,,
54-XE135,541350,,,,
54-XE135,541351,,,,
54-XE137,541370,,,,
54-XE138,541380,,,,
54-XE139,541390,,,,
54-XE140,541400,,,,
54-XE141,541410,,,,
54-XE142,541420,,,,
54-XE143,541430,,,,
54-XE144,541440,,,,
54-XE145,541450,,,,
54-XE147,541470,,,,
55-CS114,551140,,,,
55-CS116,551160,,,,
55-CS116,551161,,,,
55-CS117,551170,,,,
55-CS118,551180,,,,
55-CS119,551190,,,,
55-CS120,551200,,,,
55-CS121,551210,,,,
55-CS122,551220,,,,
55-CS122,551221,,,,
55-CS122,551222,,,,
55-CS123,551230,,,,
55-CS123,551231,,,,
55-CS124,551240,,,,
55-CS124,551241,,,,
55-CS125,551250,,,,
55-CS126,551260,,,,
55-CS127,551270,,,,
55-CS128,551280,,,,
55-CS129,551290,,,,
55-CS130,551300,,,,
55-CS131,551310,,,,
55-CS132,551320,,,,
55-CS134,551340,,,,
55-CS134,551341,,,,
55-CS135,551350,,,,
55-CS135,551351,,,,
55-CS136,551360,,,,
55-CS136,551361,,,,
55-CS137,551370,,,,
55-CS138,551380,,,,
55-CS138,551381,,,,
55-CS139,551390,,,,
55-CS140,551400,,,,
55-CS141,551410,,,,
55-CS142,551420,,,,
55-CS143,551430,,,,
55-CS144,551440,,,,
55-CS145,551450,,,,
55-CS146,551460,,,,
55-CS147,551470,,,,
55-CS148,551480,,,,
56-BA120,561200,,,,
56-BA121,561210,,,,
56-BA122,561220,,,,
56-BA123,561230,,,,
56-BA124,561240,,,,
56-BA125,561250,,,,
56-BA126,561260,,,,
56-BA127,561270,,,,
56-BA128,561280,,,,
56-BA129,561290,,,,
56-BA129,561291,,,,
56-BA130,561301,,,,
56-BA131,561310,,,,
56-BA131,561311,,,,
56-BA133,561330,,,,
56-BA133,561331,,,,
56-BA135,561351,,,,
56-BA136,561361,,,,
56-BA137,561371,,,,
56-BA139,561390,,,,
56-BA140,561400,,,,
56-BA141,561410,,,,
56-BA142,561420,,,,
56-BA143,561430,,,,
56-BA144,561440,,,,
56-BA145,561450,,,,
56-BA146,561460,,,,
56-BA147,561470,,,,
56-BA148,561480,,,,
56-BA149,561490,,,,
57-LA123,571230,,,,
57-LA125,571250,,,,
57-LA126,571260,,,,
57-LA127,571270,,,,
57-LA128,571280,,,,
57-LA129,571290,,,,
57-LA129,571291,,,,
57-LA130,571300,,,,
57-LA131,571310,,,,
57-LA132,571320,,,,
57-LA132,571321,,,,
57-LA133,571330,,,,
57-LA134,571340,,,,
57-LA135,571350,,,,
57-LA136,571360,,,,
57-LA136,571361,,,,
57-LA137,571370,,,,
57-LA138,571380,,,,
57-LA140,571400,,,,
57-LA141,571410,,,,
57-LA142,571420,,,,
57-LA143,571430,,,,
57-LA144,571440,,,,
57-LA145,571450,,,,
57-LA146,571460,,,,
57-LA146,571461,,,,
57-LA147,571470,,,,
57-LA148,571480,,,,
57-LA149,571490,,,,
57-LA150,571500,,,,
57-LA151,571510,,,,
58-CE125,581250,,,,
58-CE127,581270,,,,
58-CE131,581310,,,,
58-CE131,581311,,,,
58-CE133,581330,,,,
58-CE133,581331,,,,
58-CE134,581340,,,,
58-CE135,581350,,,,
58-CE135,581351,,,,
58-CE137,581370,,,,
58-CE137,581371,,,,
58-CE138,581381,,,,
58-CE139,581390,,,,
58-CE139,581391,,,,
58-CE141,581410,,,,
58-CE142,581420,,,,
58-CE143,581430,,,,
58-CE144,581440,,,,
58-CE145,581450,,,,
58-CE146,581460,,,,
58-CE147,581470,,,,
58-CE148,581480,,,,
58-CE149,581490,,,,
58-CE150,581500,,,,
58-CE151,581510,,,,
58-CE152,581520,,,,
59-PR133,591330,,,,
59-PR134,591340,,,,
59-PR134,591341,,,,
59-PR135,591350,,,,
59-PR136,591360,,,,
59-PR137,591370,,,,
59-PR138,591380,,,,
59-PR138,591381,,,,
59-PR139,591390,,,,
59-PR140,591400,,,,
59-PR142,591420,,,,
59-PR142,591421,,,,
59-PR143,591430,,,,
59-PR144,591440,,,,
59-PR144,591441,,,,
59-PR145,591450,,,,
59-PR146,591460,,,,
59-PR147,591470,,,,
59-PR148,591480,,,,
59-PR148,591481,,,,
59-PR149,591490,,,,
59-PR150,591500,,,,
59-PR151,591510,,,,
59-PR152,591520,,,,
59-PR153,591530,,,,
59-PR154,591540,,,,
59-PR155,591550,,,,
60-ND134,601340,,,,
60-ND135,601350,,,,
60-ND136,601360,,,,
60-ND137,601370,,,,
60-ND137,601371,,,,
60-ND138,601380,,,,
60-ND139,601390,,,,
60-ND139,601391,,,,
60-ND140,601400,,,,
60-ND141,601410,,,,
60-ND141,601411,,,,
60-ND144,601440,,,,
60-ND147,601470,,,,
60-ND149,601490,,,,
60-ND151,601510,,,,
60-ND152,601520,,,,
60-ND153,601530,,,,
60-ND154,601540,,,,
60-ND155,601550,,,,
60-ND156,601560,,,,
61-PM134,611340,,,,
61-PM135,611350,,,,
61-PM136,611360,,,,
61-PM137,611370,,,,
61-PM138,611380,,,,
61-PM138,611381,,,,
61-PM139,611390,,,,
61-PM139,611391,,,,
61-PM140,611400,,,,
61-PM140,611401,,,,
61-PM141,611410,,,,
61-PM142,611420,,,,
61-PM143,611430,,,,
61-PM144,611440,,,,
61-PM145,611450,,,,
61-PM146,611460,,,,
61-PM147,611470,,,,
61-PM148,611480,,,,
61-PM148,611481,,,,
61-PM149,611490,,,,
61-PM150,611500,,,,
61-PM151,611510,,,,
61-PM152,611520,,,,
61-PM152,611521,,,,
61-PM152,611522,,,,
61-PM153,611530,,,,
61-PM154,611540,,,,
61-PM154,611541,,,,
61-PM155,611550,,,,
61-PM156,611560,,,,
61-PM157,611570,,,,
61-PM158,611580,,,,
62-SM136,621360,,,,
62-SM138,621380,,,,
62-SM139,621390,,,,
62-SM139,621391,,,,
62-SM140,621400,,,,
62-SM141,621410,,,,
62-SM141,621411,,,,
62-SM142,621420,,,,
62-SM143,621430,,,,
62-SM143,621431,,,,
62-SM143,621432,,,,
62-SM145,621450,,,,
62-SM146,621460,,,,
62-SM147,621470,,,,
62-SM148,621480,,,,
62-SM149,621490,,,,
62-SM151,621510,,,,
62-SM153,621530,,,,
62-SM153,621531,,,,
62-SM155,621550,,,,
62-SM156,621560,,,,
62-SM157,621570,,,,
62-SM158,621580,,,,
62-SM159,621590,,,,
62-SM160,621600,,,,
63-EU136,631360,,,,
63-EU138,631380,,,,
63-EU139,631390,,,,
63-EU140,631400,,,,
63-EU140,631401,,,,
63-EU141,631410,,,,
63-EU141,631411,,,,
63-EU142,631420,,,,
63-EU142,631421,,,,
63-EU143,631430,,,,
63-EU144,631440,,,,
63-EU145,631450,,,,
63-EU146,631460,,,,
63-EU147,631470,,,,
63-EU148,631480,,,,
63-EU149,631490,,,,
63-EU150,631500,,,,
63-EU150,631501,,,,
63-EU152,631520,,,,
63-EU152,631521,,,,
63-EU152,631522,,,,
63-EU154,631540,,,,
63-EU154,631541,,,,
63-EU155,631550,,,,
63-EU156,631560,,,,
63-EU157,631570,,,,
63-EU158,631580,,,,
63-EU159,631590,,,,
63-EU160,631600,,,,
63-EU161,631610,,,,
63-EU162,631620,,,,
64-GD139,641390,,,,
64-GD142,641420,,,,
64-GD143,641430,,,,
64-GD143,641431,,,,
64-GD144,641440,,,,
64-GD145,641450,,,,
64-GD145,641451,,,,
64-GD146,641460,,,,
64-GD147,641470,,,,
64-GD148,641480,,,,
64-GD149,641490,,,,
64-GD150,641500,,,,
64-GD151,641510,,,,
64-GD152,641520,,,,
64-GD153,641530,,,,
64-GD155,641551,,,,
64-GD159,641590,,,,
64-GD161,641610,,,,
64-GD162,641620,,,,
64-GD163,641630,,,,
64-GD164,641640,,,,
65-TB144,651440,,,,
65-TB144,651441,,,,
65-TB145,651450,,,,
65-TB146,651460,,,,
65-TB146,651461,,,,
65-TB147,651470,,,,
65-TB147,651471,,,,
65-TB148,651480,,,,
65-TB148,651481,,,,
65-TB149,651490,,,,
65-TB149,651491,,,,
65-TB150,651500,,,,
65-TB150,651501,,,,
65-TB151,651510,,,,
65-TB151,651511,,,,
65-TB152,651520,,,,
65-TB152,651521,,,,
65-TB153,651530,,,,
65-TB154,651540,,,,
65-TB154,651541,,,,
65-TB154,651542,,,,
65-TB155,651550,,,,
65-TB156,651560,,,,
65-TB156,651561,,,,
65-TB156,651562,,,,
65-TB157,651570,,,,
65-TB158,651580,,,,
65-TB158,651581,,,,
65-TB160,651600,,,,
65-TB161,651610,,,,
65-TB162,651620,,,,
65-TB163,651630,,,,
65-TB164,651640,,,,
65-TB165,651650,,,,
65-TB166,651660,,,,
66-DY144,661440,,,,
66-DY146,661460,,,,
66-DY146,661461,,,,
66-DY147,661471,,,,
66-DY148,661480,,,,
66-DY149,661490,,,,
66-DY150,661500,,,,
66-DY151,661510,,,,
66-DY152,661520,,,,
66-DY153,661530,,,,
66-DY154,661540,,,,
66-DY155,661550,,,,
66-DY157,661570,,,,
66-DY157,661571,,,,
66-DY159,661590,,,,
66-DY165,661650,,,,
66-DY165,661651,,,,
66-DY166,661660,,,,
66-DY167,661670,,,,
66-DY168,661680,,,,
66-DY169,661690,,,,
66-DY170,661700,,,,
67-HO146,671460,,,,
67-HO148,671480,,,,
67-HO148,671481,,,,
67-HO149,671490,,,,
67-HO149,671491,,,,
67-HO150,671500,,,,
67-HO150,671501,,,,
67-HO151,671510,,,,
67-HO151,671511,,,,
67-HO152,671520,,,,
67-HO152,671521,,,,
67-HO153,671530,,,,
67-HO153,671531,,,,
67-HO154,671540,,,,
67-HO154,671541,,,,
67-HO155,671550,,,,
67-HO156,671560,,,,
67-HO157,671570,,,,
67-HO158,671580,,,,
67-HO158,671581,,,,
67-HO158,671582,,,,
67-HO159,671590,,,,
67-HO159,671591,,,,
67-HO160,671601,,,,
67-HO161,671610,,,,
67-HO161,671611,,,,
67-HO162,671620,,,,
67-HO162,671621,,,,
67-HO163,671630,,,,
67-HO163,671631,,,,
67-HO164,671640,,,,
67-HO164,671641,,,,
67-HO166,671660,,,,
67-HO166,671661,,,,
67-HO167,671670,,,,
67-HO168,671680,,,,
67-HO169,671690,,,,
67-HO170,671700,,,,
67-HO170,671701,,,,
68-ER148,681480,,,,
68-ER149,681491,,,,
68-ER150,681500,,,,
68-ER151,681510,,,,
68-ER151,681511,,,,
68-ER152,681520,,,,
68-ER153,681530,,,,
68-ER154,681540,,,,
68-ER155,681550,,,,
68-ER156,681560,,,,
68-ER157,681570,,,,
68-ER158,681580,,,,
68-ER159,681590,,,,
68-ER160,681600,,,,
68-ER161,681610,,,,
68-ER163,681630,,,,
68-ER165,681650,,,,
68-ER167,681671,,,,
68-ER169,681690,,,,
68-ER171,681710,,,,
68-ER172,681720,,,,
68-ER173,681730,,,,
69-TM148,691480,,,,
69-TM149,691490,,,,
69-TM150,691500,,,,
69-TM151,691510,,,,
69-TM151,691511,,,,
69-TM154,691540,,,,
69-TM154,691541,,,,
69-TM155,691550,,,,
69-TM156,691560,,,,
69-TM156,691561,,,,
69-TM157,691570,,,,
69-TM158,691580,,,,
69-TM159,691590,,,,
69-TM160,691600,,,,
69-TM160,691601,,,,
69-TM161,691610,,,,
69-TM162,691620,,,,
69-TM162,691621,,,,
69-TM163,691630,,,,
69-TM164,691640,,,,
69-TM164,691641,,,,
69-TM165,691650,,,,
69-TM166,691660,,,,
69-TM167,691670,,,,
69-TM168,691680,,,,
69-TM170,691700,,,,
69-TM171,691710,,,,
69-TM172,691720,,,,
69-TM173,691730,,,,
69-TM174,691740,,,,
69-TM175,691750,,,,
69-TM176,691760,,,,
70-YB151,701510,,,,
70-YB153,701530,,,,
70-YB154,701540,,,,
70-YB155,701550,,,,
70-YB156,701560,,,,
70-YB157,701570,,,,
70-YB158,701580,,,,
70-YB159,701590,,,,
70-YB160,701600,,,,
70-YB161,701610,,,,
70-YB162,701620,,,,
70-YB163,701630,,,,
70-YB164,701640,,,,
70-YB165,701650,,,,
70-YB166,701660,,,,
70-YB167,701670,,,,
70-YB169,701690,,,,
70-YB169,701691,,,,
70-YB175,701750,,,,
70-YB176,701761,,,,
70-YB177,701770,,,,
70-YB177,701771,,,,
70-YB178,701780,,,,
70-YB179,701790,,,,
71-LU154,711540,,,,
71-LU155,711550,,,,
71-LU155,711551,,,,
71-LU156,711560,,,,
71-LU156,711561,,,,
71-LU157,711570,,,,
71-LU158,711580,,,,
71-LU159,711590,,,,
71-LU160,711600,,,,
71-LU161,711610,,,,
71-LU161,711611,,,,
71-LU162,711620,,,,
71-LU163,711630,,,,
71-LU164,711640,,,,
71-LU165,711650,,,,
71-LU166,711660,,,,
71-LU166,711661,,,,
71-LU166,711662,,,,
71-LU167,711670,,,,
71-LU168,711680,,,,
71-LU168,711681,,,,
71-LU169,711690,,,,
71-LU169,711691,,,,
71-LU170,711700,,,,
71-LU170,711701,,,,
71-LU171,711710,,,,
71-LU171,711711,,,,
71-LU172,711720,,,,
71-LU172,711721,,,,
71-LU173,711730,,,,
71-LU174,711740,,,,
71-LU174,711741,,,,
71-LU176,711760,,,,
71-LU176,711761,,,,
71-LU177,711770,,,,
71-LU177,711771,,,,
71-LU178,711780,,,,
71-LU178,711781,,,,
71-LU179,711790,,,,
71-LU180,711800,,,,
71-LU181,711810,,,,
71-LU182,711820,,,,
71-LU183,711830,,,,
72-HF155,721550,,,,
72-HF156,721560,,,,
72-HF157,721570,,,,
72-HF158,721580,,,,
72-HF159,721590,,,,
72-HF160,721600,,,,
72-HF161,721610,,,,
72-HF162,721620,,,,
72-HF163,721630,,,,
72-HF164,721640,,,,
72-HF165,721650,,,,
72-HF166,721660,,,,
72-HF167,721670,,,,
72-HF169,721690,,,,
72-HF170,721700,,,,
72-HF171,721710,,,,
72-HF172,721720,,,,
72-HF173,721730,,,,
72-HF174,721740,,,,
72-HF175,721750,,,,
72-HF177,721771,,,,
72-HF177,721772,,,,
72-HF178,721781,,,,
72-HF178,721782,,,,
72-HF179,721791,,,,
72-HF179,721792,,,,
72-HF180,721801,,,,
72-HF181,721810,,,,
72-HF182,721820,,,,
72-HF182,721821,,,,
72-HF183,721830,,,,
72-HF184,721840,,,,
73-TA157,731570,,,,
73-TA158,731580,,,,
73-TA159,731590,,,,
73-TA161,731610,,,,
73-TA162,731620,,,,
73-TA163,731630,,,,
73-TA164,731640,,,,
73-TA165,731650,,,,
73-TA166,731660,,,,
73-TA169,731690,,,,
73-TA170,731700,,,,
73-TA171,731710,,,,
73-TA172,731720,,,,
73-TA173,731730,,,,
73-TA174,731740,,,,
73-TA175,731750,,,,
73-TA176,731760,,,,
73-TA177,731770,,,,
73-TA178,731780,,,,
73-TA178,731781,,,,
73-TA179,731790,,,,
73-TA180,731800,,,,
73-TA182,731820,,,,
73-TA182,731821,,,,
73-TA182,731822,,,,
73-TA183,731830,,,,
73-TA184,731840,,,,
73-TA185,731850,,,,
73-TA186,731860,,,,
74-W158,741580,,,,
74-W159,741590,,,,
74-W160,741600,,,,
74-W161,741610,,,,
74-W162,741620,,,,
74-W163,741630,,,,
74-W164,741640,,,,
74-W165,741650,,,,
74-W166,741660,,,,
74-W167,741670,,,,
74-W172,741720,,,,
74-W174,741740,,,,
74-W175,741750,,,,
74-W176,741760,,,,
74-W177,741770,,,,
74-W178,741780,,,,
74-W179,741790,,,,
74-W179,741791,,,,
74-W181,741810,,,,
74-W183,741831,,,,
74-W185,741850,,,,
74-W185,741851,,,,
74-W187,741870,,,,
74-W188,741880,,,,
74-W189,741890,,,,
74-W190,741900,,,,
75-RE161,751610,,,,
75-RE162,751620,,,,
75-RE163,751630,,,,
75-RE165,751650,,,,
75-RE166,751660,,,,
75-RE167,751670,,,,
75-RE168,751680,,,,
75-RE168,751681,,,,
75-RE169,751690,,,,
75-RE170,751700,,,,
75-RE172,751720,,,,
75-RE172,751721,,,,
75-RE174,751740,,,,
75-RE176,751760,,,,
75-RE177,751770,,,,
75-RE178,751780,,,,
75-RE179,751790,,,,
75-RE180,751800,,,,
75-RE181,751810,,,,
75-RE182,751820,,,,
75-RE182,751821,,,,
75-RE183,751830,,,,
75-RE183,751831,,,,
75-RE184,751840,,,,
75-RE184,751841,,,,
75-RE186,751860,,,,
75-RE186,751861,,,,
75-RE187,751870,,,,
75-RE188,751880,,,,
75-RE188,751881,,,,
75-RE189,751890,,,,
75-RE190,751900,,,,
75-RE190,751901,,,,
75-RE191,751910,,,,
75-RE192,751920,,,,
76-OS165,761650,,,,
76-OS166,761660,,,,
76-OS167,761670,,,,
76-OS168,761680,,,,
76-OS169,761690,,,,
76-OS170,761700,,,,
76-OS171,761710,,,,
76-OS172,761720,,,,
76-OS173,761730,,,,
76-OS174,761740,,,,
76-OS176,761760,,,,
76-OS179,761790,,,,
76-OS180,761800,,,,
76-OS181,761810,,,,
76-OS181,761811,,,,
76-OS182,761820,,,,
76-OS183,761830,,,,
76-OS183,761831,,,,
76-OS185,761850,,,,
76-OS186,761860,,,,
76-OS189,761891,,,,
76-OS190,761901,,,,
76-OS191,761910,,,,
76-OS191,761911,,,,
76-OS192,761921,,,,
76-OS193,761930,,,,
76-OS194,761940,,,,
76-OS195,761950,,,,
76-OS196,761960,,,,
77-IR166,771660,,,,
77-IR167,771670,,,,
77-IR170,771700,,,,
77-IR171,771710,,,,
77-IR173,771730,,,,
77-IR174,771740,,,,
77-IR175,771750,,,,
77-IR177,771770,,,,
77-IR178,771780,,,,
77-IR180,771800,,,,
77-IR181,771810,,,,
77-IR182,771820,,,,
77-IR183,771830,,,,
77-IR184,771840,,,,
77-IR185,771850,,,,
77-IR186,771860,,,,
77-IR186,771861,,,,
77-IR187,771870,,,,
77-IR188,771880,,,,
77-IR189,771890,,,,
77-IR190,771900,,,,
77-IR190,771901,,,,
77-IR190,771902,,,,
77-IR191,771911,,,,
77-IR192,771920,,,,
77-IR192,771921,,,,
77-IR192,771922,,,,
77-IR193,771931,,,,
77-IR194,771940,,,,
77-IR194,771941,,,,
77-IR194,771942,,,,
77-IR195,771950,,,,
77-IR195,771951,,,,
77-IR196,771960,,,,
77-IR196,771961,,,,
77-IR197,771970,,,,
77-IR198,771980,,,,
78-PT169,781690,,,,
78-PT170,781700,,,,
78-PT171,781710,,,,
78-PT173,781730,,,,
78-PT174,781740,,,,
78-PT175,781750,,,,
78-PT177,781770,,,,
78-PT178,781780,,,,
78-PT179,781790,,,,
78-PT180,781800,,,,
78-PT181,781810,,,,
78-PT182,781820,,,,
78-PT183,781830,,,,
78-PT183,781831,,,,
78-PT184,781840,,,,
78-PT184,781841,,,,
78-PT185,781850,,,,
78-PT186,781860,,,,
78-PT187,781870,,,,
78-PT188,781880,,,,
78-PT189,781890,,,,
78-PT190,781900,,,,
78-PT191,781910,,,,
78-PT193,781930,,,,
78-PT193,781931,,,,
78-PT195,781951,,,,
78-PT197,781970,,,,
78-PT197,781971,,,,
78-PT199,781990,,,,
78-PT199,781991,,,,
78-PT200,782000,,,,
78-PT201,782010,,,,
79-AU174,791740,,,,
79-AU175,791750,,,,
79-AU177,791770,,,,
79-AU178,791780,,,,
79-AU179,791790,,,,
79-AU180,791800,,,,
79-AU181,791810,,,,
79-AU182,791820,,,,
79-AU183,791830,,,,
79-AU184,791840,,,,
79-AU185,791850,,,,
79-AU186,791860,,,,
79-AU187,791870,,,,
79-AU188,791880,,,,
79-AU189,791890,,,,
79-AU189,791891,,,,
79-AU190,791900,,,,
79-AU191,791910,,,,
79-AU191,791911,,,,
79-AU192,791920,,,,
79-AU192,791921,,,,
79-AU193,791930,,,,
79-AU193,791931,,,,
79-AU194,791940,,,,
79-AU194,791941,,,,
79-AU194,791942,,,,
79-AU195,791950,,,,
79-AU195,791951,,,,
79-AU196,791960,,,,
79-AU196,791961,,,,
79-AU196,791962,,,,
79-AU197,791971,,,,
79-AU198,791980,,,,
79-AU198,791981,,,,
79-AU199,791990,,,,
79-AU200,792000,,,,
79-AU200,792001,,,,
79-AU201,792010,,,,
79-AU202,792020,,,,
79-AU203,792030,,,,
79-AU204,792040,,,,
80-HG178,801780,,,,
80-HG179,801790,,,,
80-HG180,801800,,,,
80-HG181,801810,,,,
80-HG182,801820,,,,
80-HG183,801830,,,,
80-HG184,801840,,,,
80-HG185,801850,,,,
80-HG185,801851,,,,
80-HG186,801860,,,,
80-HG187,801870,,,,
80-HG187,801871,,,,
80-HG188,801880,,,,
80-HG189,801890,,,,
80-HG189,801891,,,,
80-HG190,801900,,,,
80-HG191,801910,,,,
80-HG191,801911,,,,
80-HG192,801920,,,,
80-HG193,801930,,,,
80-HG193,801931,,,,
80-HG194,801940,,,,
80-HG195,801950,,,,
80-HG195,801951,,,,
80-HG197,801970,,,,
80-HG197,801971,,,,
80-HG199,801991,,,,
80-HG203,802030,,,,
80-HG205,802050,,,,
80-HG206,802060,,,,
80-HG207,802070,,,,
81-TL179,811790,,,,
81-TL179,811791,,,,
81-TL183,811831,,,,
81-TL184,811840,,,,
81-TL185,811851,,,,
81-TL186,811860,,,,
81-TL186,811861,,,,
81-TL187,811871,,,,
81-TL188,811880,,,,
81-TL189,811890,,,,
81-TL189,811891,,,,
81-TL190,811900,,,,
81-TL190,811901,,,,
81-TL191,811911,,,,
81-TL192,811920,,,,
81-TL193,811930,,,,
81-TL193,811931,,,,
81-TL194,811940,,,,
81-TL194,811941,,,,
81-TL195,811950,,,,
81-TL195,811951,,,,
81-TL196,811960,,,,
81-TL196,811961,,,,
81-TL197,811970,,,,
81-TL197,811971,,,,
81-TL198,811980,,,,
81-TL198,811981,,,,
81-TL198,811982,,,,
81-TL199,811990,,,,
81-TL199,811991,,,,
81-TL200,812000,,,,
81-TL200,812001,,,,
81-TL201,812010,,,,
81-TL201,812011,,,,
81-TL202,812020,,,,
81-TL204,812040,,,,
81-TL206,812060,,,,
81-TL206,812061,,,,
81-TL207,812070,,,,
81-TL207,812071,,,,
81-TL208,812080,,,,
81-TL209,812090,,,,
81-TL210,812100,,,,
82-PB183,821830,,,,
82-PB186,821860,,,,
82-PB187,821870,,,,
82-PB187,821871,,,,
82-PB188,821880,,,,
82-PB189,821890,,,,
82-PB190,821900,,,,
82-PB191,821910,,,,
82-PB191,821911,,,,
82-PB192,821920,,,,
82-PB193,821930,,,,
82-PB194,821940,,,,
82-PB195,821950,,,,
82-PB195,821951,,,,
82-PB196,821960,,,,
82-PB197,821970,,,,
82-PB197,821971,,,,
82-PB198,821980,,,,
82-PB199,821990,,,,
82-PB199,821991,,,,
82-PB200,822000,,,,
82-PB201,822010,,,,
82-PB201,822011,,,,
82-PB202,822020,,,,
82-PB202,822021,,,,
82-PB203,822030,,,,
82-PB203,822031,,,,
82-PB203,822032,,,,
82-PB204,822041,,,,
82-PB205,822050,,,,
82-PB205,822051,,,,
82-PB207,822071,,,,
82-PB209,822090,,,,
82-PB210,822100,,,,
82-PB211,822110,,,,
82-PB212,822120,,,,
82-PB213,822130,,,,
82-PB214,822140,,,,
83-BI187,831870,,,,
83-BI187,831871,,,,
83-BI189,831890,,,,
83-BI190,831900,,,,
83-BI192,831920,,,,
83-BI193,831930,,,,
83-BI193,831931,,,,
83-BI194,831940,,,,
83-BI194,831941,,,,
83-BI194,831942,,,,
83-BI195,831950,,,,
83-BI195,831951,,,,
83-BI196,831960,,,,
83-BI197,831971,,,,
83-BI198,831980,,,,
83-BI198,831981,,,,
83-BI199,831990,,,,
83-BI199,831991,,,,
83-BI200,832000,,,,
83-BI200,832001,,,,
83-BI201,832010,,,,
83-BI201,832011,,,,
83-BI202,832020,,,,
83-BI203,832030,,,,
83-BI203,832031,,,,
83-BI204,832040,,,,
83-BI204,832042,,,,
83-BI205,832050,,,,
83-BI206,832060,,,,
83-BI207,832070,,,,
83-BI208,832080,,,,
83-BI208,832081,,,,
83-BI210,832100,,,,
83-BI210,832101,,,,
83-BI210,832102,,,,
83-BI211,832110,,,,
83-BI212,832120,,,,
83-BI212,832121,,,,
83-BI212,832122,,,,
83-BI213,832130,,,,
83-BI214,832140,,,,
83-BI215,832150,,,,
84-PO192,841920,,,,
84-PO193,841930,,,,
84-PO193,841931,,,,
84-PO194,841940,,,,
84-PO195,841950,,,,
84-PO195,841951,,,,
84-PO196,841960,,,,
84-PO197,841970,,,,
84-PO197,841971,,,,
84-PO198,841980,,,,
84-PO199,841990,,,,
84-PO199,841991,,,,
84-PO200,842000,,,,
84-PO201,842010,,,,
84-PO201,842011,,,,
84-PO202,842020,,,,
84-PO203,842030,,,,
84-PO203,842031,,,,
84-PO204,842040,,,,
84-PO205,842050,,,,
84-PO206,842060,,,,
84-PO207,842070,,,,
84-PO207,842071,,,,
84-PO208,842080,,,,
84-PO209,842090,,,,
84-PO210,842100,,,,
84-PO211,842110,,,,
84-PO211,842111,,,,
84-PO212,842120,,,,
84-PO212,842121,,,,
84-PO212,842122,,,,
84-PO213,842130,,,,
84-PO214,842140,,,,
84-PO215,842150,,,,
84-PO216,842160,,,,
84-PO217,842170,,,,
84-PO218,842180,,,,
85-AT194,851940,,,,
85-AT196,851960,,,,
85-AT197,851970,,,,
85-AT198,851980,,,,
85-AT198,851981,,,,
85-AT199,851990,,,,
85-AT200,852000,,,,
85-AT200,852001,,,,
85-AT201,852010,,,,
85-AT202,852020,,,,
85-AT203,852030,,,,
85-AT204,852040,,,,
85-AT204,852041,,,,
85-AT205,852050,,,,
85-AT206,852060,,,,
85-AT207,852070,,,,
85-AT208,852080,,,,
85-AT209,852090,,,,
85-AT210,852100,,,,
85-AT211,852110,,,,
85-AT212,852120,,,,
85-AT212,852121,,,,
85-AT213,852130,,,,
85-AT214,852140,,,,
85-AT215,852150,,,,
85-AT216,852160,,,,
85-AT217,852170,,,,
85-AT218,852180,,,,
85-AT219,852190,,,,
86-RN198,861980,,,,
86-RN199,861990,,,,
86-RN199,861991,,,,
86-RN200,862000,,,,
86-RN201,862010,,,,
86-RN201,862011,,,,
86-RN202,862020,,,,
86-RN203,862030,,,,
86-RN203,862031,,,,
86-RN204,862040,,,,
86-RN205,862050,,,,
86-RN206,862060,,,,
86-RN207,862070,,,,
86-RN208,862080,,,,
86-RN209,862090,,,,
86-RN210,862100,,,,
86-RN211,862110,,,,
86-RN212,862120,,,,
86-RN213,862130,,,,
86-RN214,862140,,,,
86-RN215,862150,,,,
86-RN216,862160,,,,
86-RN217,862170,,,,
86-RN218,862180,,,,
86-RN219,862190,,,,
86-RN220,862200,,,,
86-RN221,862210,,,,
86-RN222,862220,,,,
86-RN224,862240,,,,
86-RN226,862260,,,,
87-FR201,872010,,,,
87-FR202,872020,,,,
87-FR203,872030,,,,
87-FR204,872040,,,,
87-FR205,872050,,,,
87-FR206,872060,,,,
87-FR206,872061,,,,
87-FR207,872070,,,,
87-FR208,872080,,,,
87-FR209,872090,,,,
87-FR210,872100,,,,
87-FR211,872110,,,,
87-FR212,872120,,,,
87-FR213,872130,,,,
87-FR214,872140,,,,
87-FR214,872141,,,,
87-FR215,872150,,,,
87-FR216,872160,,,,
87-FR217,872170,,,,
87-FR218,872180,,,,
87-FR218,872181,,,,
87-FR219,872190,,,,
87-FR220,872200,,,,
87-FR221,872210,,,,
87-FR222,872220,,,,
87-FR223,872230,,,,
87-FR224,872240,,,,
87-FR225,872250,,,,
87-FR226,872260,,,,
87-FR228,872280,,,,
88-RA206,882060,,,,
88-RA207,882070,,,,
88-RA208,882080,,,,
88-RA209,882090,,,,
88-RA210,882100,,,,
88-RA211,882110,,,,
88-RA212,882120,,,,
88-RA213,882130,,,,
88-RA213,882131,,,,
88-RA214,882140,,,,
88-RA215,882150,,,,
88-RA216,882160,,,,
88-RA217,882170,,,,
88-RA218,882180,,,,
88-RA219,882190,,,,
88-RA220,882200,,,,
88-RA221,882210,,,,
88-RA222,882220,,,,
88-RA223,882230,,,,
88-RA224,882240,,,,
88-RA225,882250,,,,
88-RA226,882260,,,,
88-RA227,882270,,,,
88-RA228,882280,,,,
88-RA229,882290,,,,
88-RA230,882300,,,,
89-AC209,892090,,,,
89-AC210,892100,,,,
89-AC211,892110,,,,
89-AC212,892120,,,,
89-AC213,892130,,,,
89-AC214,892140,,,,
89-AC215,892150,,,,
89-AC216,892160,,,,
89-AC217,892170,,,,
89-AC218,892180,,,,
89-AC219,892190,,,,
89-AC220,892200,,,,
89-AC221,892210,,,,
89-AC222,892220,,,,
89-AC222,892221,,,,
89-AC223,892230,,,,
89-AC224,892240,,,,
89-AC225,892250,,,,
89-AC226,892260,,,,
89-AC227,892270,,,,
89-AC228,892280,,,,
89-AC229,892290,,,,
89-AC230,892300,,,,
89-AC231,892310,,,,
89-AC232,892320,,,,
90-TH213,902130,,,,
90-TH214,902140,,,,
90-TH215,902150,,,,
90-TH216,902160,,,,
90-TH217,902170,,,,
90-TH218,902180,,,,
90-TH219,902190,,,,
90-TH220,902200,,,,
90-TH221,902210,,,,
90-TH222,902220,,,,
90-TH223,902230,,,,
90-TH224,902240,,,,
90-TH225,902250,,,,
90-TH226,902260,,,,
90-TH227,902270,,,,
90-TH228,902280,,,,
90-TH229,902290,,,,
90-TH230,902300,,,,
90-TH231,902310,,,,
90-TH232,902320,,,,
90-TH233,902330,,,,
90-TH234,902340,,,,
90-TH235,902350,,,,
90-TH236,902360,,,,
91-PA216,912160,,,,
91-PA217,912170,,,,
91-PA217,912171,,,,
91-PA218,912180,,,,
91-PA222,912220,,,,
91-PA223,912230,,,,
91-PA224,912240,,,,
91-PA225,912250,,,,
91-PA226,912260,,,,
91-PA227,912270,,,,
91-PA228,912280,,,,
91-PA229,912290,,,,
91-PA230,912300,,,,
91-PA231,912310,,,,
91-PA232,912320,,,,
91-PA233,912330,,,,
91-PA234,912340,,,,
91-PA234,912341,,,,
91-PA235,912350,,,,
91-PA236,912360,,,,
91-PA237,912370,,,,
91-PA238,912380,,,,
92-U226,922260,,,,
92-U227,922270,,,,
92-U228,922280,,,,
92-U229,922290,,,,
92-U230,922300,,,,
92-U231,922310,,,,
92-U232,922320,,,,
92-U233,922330,,,,
92-U234,922340,,,,
92-U235,922350,,,,
92-U235,922351,,,,
92-U236,922360,,,,
92-U237,922370,,,,
92-U238,922380,,,,
92-U239,922390,,,,
92-U240,922400,,,,
93-NP229,932290,,,,
93-NP230,932300,,,,
93-NP231,932310,,,,
93-NP232,932320,,,,
93-NP233,932330,,,,
93-NP234,932340,,,,
93-NP235,932350,,,,
93-NP236,932360,,,,
93-NP236,932361,,,,
93-NP237,932370,,,,
93-NP238,932380,,,,
93-NP239,932390,,,,
93-NP240,932400,,,,
93-NP240,932401,,,,
93-NP241,932410,,,,
94-PU232,942320,,,,
94-PU233,942330,,,,
94-PU234,942340,,,,
94-PU235,942350,,,,
94-PU236,942360,,,,
94-PU237,942370,,,,
94-PU238,942380,,,,
94-PU239,942390,,,,
94-PU240,942400,,,,
94-PU241,942410,,,,
94-PU242,942420,,,,
94-PU243,942430,,,,
94-PU244,942440,,,,
94-PU245,942450,,,,
94-PU246,942460,,,,
95-AM234,952340,,,,
95-AM237,952370,,,,
95-AM238,952380,,,,
95-AM239,952390,,,,
95-AM240,952400,,,,
95-AM241,952410,,,,
95-AM242,952420,,,,
95-AM242,952421,,,,
95-AM243,952430,,,,
95-AM244,952440,,,,
95-AM244,952441,,,,
95-AM245,952450,,,,
95-AM246,952460,,,,
95-AM246,952461,,,,
95-AM247,952470,,,,
96-CM238,962380,,,,
96-CM239,962390,,,,
96-CM240,962400,,,,
96-CM241,962410,,,,
96-CM242,962420,,,,
96-CM243,962430,,,,
96-CM244,962440,,,,
96-CM245,962450,,,,
96-CM246,962460,,,,
96-CM247,962470,,,,
96-CM248,962480,,,,
96-CM249,962490,,,,
96-CM250,962500,,,,
96-CM251,962510,,,,
97-BK242,972420,,,,
97-BK243,972430,,,,
97-BK244,972440,,,,
97-BK245,972450,,,,
97-BK246,972460,,,,
97-BK247,972470,,,,
97-BK248,972481,,,,
97-BK249,972490,,,,
97-BK250,972500,,,,
97-BK251,972510,,,,
98-CF239,982390,,,,
98-CF240,982400,,,,
98-CF241,982410,,,,
98-CF242,982420,,,,
98-CF243,982430,,,,
98-CF244,982440,,,,
98-CF245,982450,,,,
98-CF246,982460,,,,
98-CF247,982470,,,,
98-CF248,982480,,,,
98-CF249,982490,,,,
98-CF250,982500,,,,
98-CF251,982510,,,,
98-CF252,982520,,,,
98-CF253,982530,,,,
98-CF254,982540,,,,
98-CF255,982550,,,,
1-H1,10010,,,,
1-H2,10020,,,,
2-HE3,20030,,,,
2-HE4,20040,,,,
3-LI6,30060,,,,
3-LI7,30070,,,,
4-BE9,40090,,,,
5-B10,50100,,,,
5-B11,50110,,,,
6-C12,60120,,,,
6-C13,60130,,,,
7-N14,70140,,,,
7-N15,70150,,,,
8-O16,80160,,,,
8-O17,80170,,,,
8-O18,80180,,,,
9-F19,90190,,,,
10-NE20,100200,,,,
10-NE21,100210,,,,
10-NE22,100220,,,,
11-NA23,110230,,,,
12-MG24,120240,,,,
12-MG25,120250,,,,
12-MG26,120260,,,,
13-AL27,130270,,,,
14-SI28,140280,,,,
14-SI29,140290,,,,
14-SI30,140300,,,,
15-P31,150310,,,,
16-S32,160320,,,,
16-S33,160330,,,,
16-S34,160340,,,,
16-S36,160360,,,,
17-CL35,170350,,,,
17-CL37,170370,,,,
18-AR36,180360,,,,
18-AR38,180380,,,,
18-AR40,180400,,,,
19-K39,190390,,,,
19-K41,190410,,,,
20-CA40,200400,,,,
20-CA42,200420,,,,
20-CA43,200430,,,,
20-CA44,200440,,,,
20-CA46,200460,,,,
20-CA48,200480,,,,
21-SC45,210450,,,,
22-TI46,220460,,,,
22-TI47,220470,,,,
22-TI48,220480,,,,
22-TI49,220490,,,,
22-TI50,220500,,,,
23-V51,230510,,,,
24-CR50,240500,,,,
24-CR52,240520,,,,
24-CR53,240530,,,,
24-CR54,240540,,,,
25-MN55,250550,,,,
26-FE54,260540,,,,
26-FE56,260560,,,,
26-FE57,260570,,,,
26-FE58,260580,,,,
27-CO59,270590,,,,
28-NI58,280580,,,,
28-NI60,280600,,,,
28-NI61,280610,,,,
28-NI62,280620,,,,
28-NI64,280640,,,,
29-CU63,290630,,,,
29-CU65,290650,,,,
30-ZN64,300640,,,,
30-ZN66,300660,,,,
30-ZN67,300670,,,,
30-ZN68,300680,,,,
30-ZN70,300700,,,,
31-GA69,310690,,,,
31-GA71,310710,,,,
32-GE70,320700,,,,
32-GE72,320720,,,,
32-GE73,320730,,,,
32-GE74,320740,,,,
32-GE76,320760,,,,
33-AS75,330750,,,,
34-SE74,340740,,,,
34-SE76,340760,,,,
34-SE77,340770,,,,
34-SE78,340780,,,,
34-SE80,340800,,,,
35-BR79,350790,,,,
35-BR81,350810,,,,
36-KR78,360780,,,,
36-KR80,360800,,,,
36-KR82,360820,,,,
36-KR83,360830,,,,
36-KR84,360840,,,,
36-KR86,360860,,,,
37-RB85,370850,,,,
38-SR84,380840,,,,
38-SR86,380860,,,,
38-SR87,380870,,,,
38-SR88,380880,,,,
39-Y89,390890,,,,
40-ZR90,400900,,,,
40-ZR91,400910,,,,
40-ZR92,400920,,,,
40-ZR94,400940,,,,
40-ZR96,400960,,,,
41-NB93,410930,,,,
42-MO92,420920,,,,
42-MO94,420940,,,,
42-MO95,420950,,,,
42-MO96,420960,,,,
42-MO97,420970,,,,
42-MO98,420980,,,,
42-MO100,421000,,,,
44-RU96,440960,,,,
44-RU98,440980,,,,
44-RU99,440990,,,,
44-RU100,441000,,,,
44-RU101,441010,,,,
44-RU102,441020,,,,
44-RU104,441040,,,,
45-RH103,451030,,,,
46-PD102,461020,,,,
46-PD104,461040,,,,
46-PD105,461050,,,,
46-PD106,461060,,,,
46-PD108,461080,,,,
46-PD110,461100,,,,
47-AG107,471070,,,,
47-AG109,471090,,,,
48-CD106,481060,,,,
48-CD108,481080,,,,
48-CD110,481100,,,,
48-CD111,481110,,,,
48-CD112,481120,,,,
48-CD114,481140,,,,
48-CD116,481160,,,,
49-IN113,491130,,,,
50-SN112,501120,,,,
50-SN114,501140,,,,
50-SN115,501150,,,,
50-SN116,501160,,,,
50-SN117,501170,,,,
50-SN118,501180,,,,
50-SN119,501190,,,,
50-SN120,501200,,,,
50-SN122,501220,,,,
50-SN124,501240,,,,
51-SB121,511210,,,,
51-SB123,511230,,,,
52-TE120,521200,,,,
52-TE122,521220,,,,
52-TE124,521240,,,,
52-TE125,521250,,,,
52-TE126,521260,,,,
52-TE128,521280,,,,
52-TE130,521300,,,,
53-I127,531270,,,,
54-XE124,541240,,,,
54-XE126,541260,,,,
54-XE128,541280,,,,
54-XE129,541290,,,,
54-XE130,541300,,,,
54-XE131,541310,,,,
54-XE132,541320,,,,
54-XE134,541340,,,,
54-XE136,541360,,,,
55-CS133,551330,,,,
56-BA130,561300,,,,
56-BA132,561320,,,,
56-BA134,561340,,,,
56-BA135,561350,,,,
56-BA136,561360,,,,
56-BA137,561370,,,,
56-BA138,561380,,,,
57-LA139,571390,,,,
58-CE136,581360,,,,
58-CE138,581380,,,,
58-CE140,581400,,,,
59-PR141,591410,,,,
60-ND142,601420,,,,
60-ND143,601430,,,,
60-ND145,601450,,,,
60-ND146,601460,,,,
60-ND148,601480,,,,
60-ND150,601500,,,,
62-SM144,621440,,,,
62-SM150,621500,,,,
62-SM152,621520,,,,
62-SM154,621540,,,,
63-EU151,631510,,,,
63-EU153,631530,,,,
64-GD154,641540,,,,
64-GD155,641550,,,,
64-GD156,641560,,,,
64-GD157,641570,,,,
64-GD158,641580,,,,
64-GD160,641600,,,,
65-TB159,651590,,,,
66-DY156,661560,,,,
66-DY158,661580,,,,
66-DY160,661600,,,,
66-DY161,661610,,,,
66-DY162,661620,,,,
66-DY163,661630,,,,
66-DY164,661640,,,,
67-HO165,671650,,,,
68-ER162,681620,,,,
68-ER164,681640,,,,
68-ER166,681660,,,,
68-ER167,681670,,,,
68-ER168,681680,,,,
68-ER170,681700,,,,
69-TM169,691690,,,,
70-YB168,701680,,,,
70-YB170,701700,,,,
70-YB171,701710,,,,
70-YB172,701720,,,,
70-YB173,701730,,,,
70-YB174,701740,,,,
70-YB176,701760,,,,
71-LU175,711750,,,,
72-HF176,721760,,,,
72-HF177,721770,,,,
72-HF178,721780,,,,
72-HF179,721790,,,,
72-HF180,721800,,,,
73-TA180,731801,,,,
73-TA181,731810,,,,
74-W180,741800,,,,
74-W182,741820,,,,
74-W183,741830,,,,
74-W184,741840,,,,
74-W186,741860,,,,
75-RE185,751850,,,,
76-OS184,761840,,,,
76-OS187,761870,,,,
76-OS188,761880,,,,
76-OS189,761890,,,,
76-OS190,761900,,,,
76-OS192,761920,,,,
77-IR191,771910,,,,
77-IR193,771930,,,,
78-PT192,781920,,,,
78-PT194,781940,,,,
78-PT195,781950,,,,
78-PT196,781960,,,,
78-PT198,781980,,,,
79-AU197,791970,,,,
80-HG196,801960,,,,
80-HG198,801980,,,,
80-HG199,801990,,,,
80-HG200,802000,,,,
80-HG201,802010,,,,
80-HG202,802020,,,,
80-HG204,802040,,,,
81-TL203,812030,,,,
81-TL205,812050,,,,
82-PB204,822040,,,,
82-PB206,822060,,,,
82-PB207,822070,,,,
82-PB208,822080,,,,
83-BI209,832090,,,,
,,,,,
